Dataset,Iteration,TopK,Accuracy,MacroF1,BalancedAccuracy,Mean_RoC_Size,Mean_RoC_Fitness,Mean_Query_Time_Sec,Total_Iteration_Time_Sec
Adult,0,1,0.8323699421965318,0.8305353825367336,0.8309659090909092,8.236994219653178,0.49715301238684756,0.771712246657796,133.51199173927307
Adult,0,3,0.8497109826589595,0.8474633749321758,0.8465909090909092,8.236994219653178,0.49715301238684756,0.771712246657796,133.51199173927307
Adult,0,5,0.8554913294797688,0.853533814216533,0.8530844155844156,8.236994219653178,0.49715301238684756,0.771712246657796,133.51199173927307
Adult,0,7,0.8497109826589595,0.8474633749321758,0.8465909090909092,8.236994219653178,0.49715301238684756,0.771712246657796,133.51199173927307
Adult,1,1,0.8670520231213873,0.8655970275291336,0.8660714285714286,8.375722543352602,0.5100906653799773,0.7908010331192458,136.81445002555847
Adult,1,3,0.861271676300578,0.859577922077922,0.859577922077922,8.375722543352602,0.5100906653799773,0.7908010331192458,136.81445002555847
Adult,1,5,0.8670520231213873,0.8652511090792103,0.8647862554112553,8.375722543352602,0.5100906653799773,0.7908010331192458,136.81445002555847
Adult,1,7,0.8670520231213873,0.8652511090792103,0.8647862554112553,8.375722543352602,0.5100906653799773,0.7908010331192458,136.81445002555847
Adult,2,1,0.8728323699421965,0.8723161567364466,0.8764204545454546,8.260115606936417,0.5016345464997666,0.7894382063364018,136.57862281799316
Adult,2,3,0.8554913294797688,0.8550068725066211,0.8595102813852813,8.260115606936417,0.5016345464997666,0.7894382063364018,136.57862281799316
Adult,2,5,0.8554913294797688,0.8551816507617613,0.8607954545454546,8.260115606936417,0.5016345464997666,0.7894382063364018,136.57862281799316
Adult,2,7,0.8554913294797688,0.8551816507617613,0.8607954545454546,8.260115606936417,0.5016345464997666,0.7894382063364018,136.57862281799316
Adult,3,1,0.861271676300578,0.8602208456773499,0.8621482683982684,8.323699421965317,0.5192661905906915,0.7873757643506706,136.22170996665955
Adult,3,3,0.8439306358381503,0.8435961828227021,0.8490936147186148,8.323699421965317,0.5192661905906915,0.7873757643506706,136.22170996665955
Adult,3,5,0.8497109826589595,0.8495853397538791,0.8568722943722944,8.323699421965317,0.5192661905906915,0.7873757643506706,136.22170996665955
Adult,3,7,0.8554913294797688,0.8554140340320262,0.8633658008658008,8.323699421965317,0.5192661905906915,0.7873757643506706,136.22170996665955
Adult,4,1,0.838150289017341,0.8361742424242424,0.8361742424242424,8.427745664739884,0.5136415648351245,0.7883287840495908,136.3866834640503
Adult,4,3,0.8554913294797688,0.853909812531667,0.8543695887445888,8.427745664739884,0.5136415648351245,0.7883287840495908,136.3866834640503
Adult,4,5,0.8670520231213873,0.8652511090792103,0.8647862554112553,8.427745664739884,0.5136415648351245,0.7883287840495908,136.3866834640503
Adult,4,7,0.8670520231213873,0.8655970275291336,0.8660714285714286,8.427745664739884,0.5136415648351245,0.7883287840495908,136.3866834640503
Adult,5,1,0.8554913294797688,0.8550068725066211,0.8595102813852813,8.358381502890174,0.5183852825525658,0.786172137784131,136.0133934020996
Adult,5,3,0.8439306358381503,0.8435961828227021,0.8490936147186148,8.358381502890174,0.5183852825525658,0.786172137784131,136.0133934020996
Adult,5,5,0.8439306358381503,0.8434074223071507,0.8478084415584415,8.358381502890174,0.5183852825525658,0.786172137784131,136.0133934020996
Adult,5,7,0.8554913294797688,0.854538728012646,0.856939935064935,8.358381502890174,0.5183852825525658,0.786172137784131,136.0133934020996
Adult,6,1,0.838150289017341,0.8361742424242424,0.8361742424242424,8.439306358381502,0.48942356545657073,0.7891044630480639,136.52085089683533
Adult,6,3,0.8554913294797688,0.853533814216533,0.8530844155844156,8.439306358381502,0.48942356545657073,0.7891044630480639,136.52085089683533
Adult,6,5,0.8323699421965318,0.8300992244911782,0.8296807359307359,8.439306358381502,0.48942356545657073,0.7891044630480639,136.52085089683533
Adult,6,7,0.838150289017341,0.835729788388497,0.8348890692640694,8.439306358381502,0.48942356545657073,0.7891044630480639,136.52085089683533
Adult,7,1,0.8439306358381503,0.8429018262536576,0.8452380952380952,8.23121387283237,0.5068458251935575,0.7895238110095779,136.59352087974548
Adult,7,3,0.8439306358381503,0.8429018262536576,0.8452380952380952,8.23121387283237,0.5068458251935575,0.7895238110095779,136.59352087974548
Adult,7,5,0.8554913294797688,0.8547926808796374,0.8582251082251082,8.23121387283237,0.5068458251935575,0.7895238110095779,136.59352087974548
Adult,7,7,0.8670520231213873,0.8661756297716342,0.8686417748917749,8.23121387283237,0.5068458251935575,0.7895238110095779,136.59352087974548
Adult,8,1,0.8439306358381503,0.8431760953500085,0.8465232683982684,8.346820809248555,0.5139081281365883,0.7888113859760968,136.47014021873474
Adult,8,3,0.8786127167630058,0.8782057729055617,0.882913961038961,8.346820809248555,0.5139081281365883,0.7888113859760968,136.47014021873474
Adult,8,5,0.8901734104046243,0.8896424374685244,0.8933306277056277,8.346820809248555,0.5139081281365883,0.7888113859760968,136.47014021873474
Adult,8,7,0.884393063583815,0.8840793352988474,0.8894074675324675,8.346820809248555,0.5139081281365883,0.7888113859760968,136.47014021873474
Adult,9,1,0.9017341040462428,0.8994633029091033,0.8960362554112553,8.260115606936417,0.5099882765329607,0.7868612639476799,136.1327679157257
Adult,9,3,0.9075144508670521,0.9058503401360545,0.903814935064935,8.260115606936417,0.5099882765329607,0.7868612639476799,136.1327679157257
Adult,9,5,0.9075144508670521,0.9058503401360545,0.903814935064935,8.260115606936417,0.5099882765329607,0.7868612639476799,136.1327679157257
Adult,9,7,0.9075144508670521,0.9058503401360545,0.903814935064935,8.260115606936417,0.5099882765329607,0.7868612639476799,136.1327679157257
Adult,10,1,0.838150289017341,0.8361742424242424,0.8361742424242424,8.364161849710984,0.486033452741767,0.787572179915588,136.2557349205017
Adult,10,3,0.8439306358381503,0.8429018262536576,0.8452380952380952,8.364161849710984,0.486033452741767,0.787572179915588,136.2557349205017
Adult,10,5,0.861271676300578,0.859919028340081,0.8608630952380952,8.364161849710984,0.486033452741767,0.787572179915588,136.2557349205017
Adult,10,7,0.8554913294797688,0.8542445994675294,0.8556547619047619,8.364161849710984,0.486033452741767,0.787572179915588,136.2557349205017
Adult,11,1,0.8554913294797688,0.853909812531667,0.8543695887445888,8.248554913294798,0.5119205966065508,0.788547706052747,136.42463207244873
Adult,11,3,0.8786127167630058,0.8762307089564951,0.873917748917749,8.248554913294798,0.5119205966065508,0.788547706052747,136.42463207244873
Adult,11,5,0.884393063583815,0.8823129251700681,0.8804112554112553,8.248554913294798,0.5119205966065508,0.788547706052747,136.42463207244873
Adult,11,7,0.8786127167630058,0.8766174223127865,0.875202922077922,8.248554913294798,0.5119205966065508,0.788547706052747,136.42463207244873
Adult,12,1,0.861271676300578,0.8572607260726073,0.8531520562770563,8.329479768786127,0.5032394303871848,0.785273425151847,135.85798025131226
Adult,12,3,0.8786127167630058,0.8758076094759512,0.8726325757575758,8.329479768786127,0.5032394303871848,0.785273425151847,135.85798025131226
Adult,12,5,0.8901734104046243,0.888018260484448,0.8856195887445888,8.329479768786127,0.5032394303871848,0.785273425151847,135.85798025131226
Adult,12,7,0.9017341040462428,0.8998058120124008,0.8973214285714286,8.329479768786127,0.5032394303871848,0.785273425151847,135.85798025131226
Adult,13,1,0.8265895953757225,0.823469387755102,0.8219020562770563,8.254335260115607,0.4918725131659592,1.0619690487150513,7.395402908325195
Adult,13,3,0.861271676300578,0.8591969614758546,0.858292748917749,8.254335260115607,0.4918725131659592,1.0619690487150513,7.395402908325195
Adult,13,5,0.8497109826589595,0.8474633749321758,0.8465909090909092,8.254335260115607,0.4918725131659592,1.0619690487150513,7.395402908325195
Adult,13,7,0.8554913294797688,0.8531159789437935,0.8517992424242424,8.254335260115607,0.4918725131659592,1.0619690487150513,7.395402908325195
Adult,14,1,0.8959537572254336,0.8940816326530612,0.8921130952380952,8.335260115606937,0.5172106591042301,0.9774611850694425,6.85523796081543
Adult,14,3,0.9132947976878613,0.9115933635403537,0.9090232683982684,8.335260115606937,0.5172106591042301,0.9774611850694425,6.85523796081543
Adult,14,5,0.9132947976878613,0.9118695873662761,0.9103084415584415,8.335260115606937,0.5172106591042301,0.9774611850694425,6.85523796081543
Adult,14,7,0.9075144508670521,0.9058503401360545,0.903814935064935,8.335260115606937,0.5172106591042301,0.9774611850694425,6.85523796081543
Adult,15,1,0.838150289017341,0.8361742424242424,0.8361742424242424,8.289017341040463,0.49949397159008,1.0247002860714245,7.028273344039917
Adult,15,3,0.8323699421965318,0.8305353825367336,0.8309659090909092,8.289017341040463,0.49949397159008,1.0247002860714245,7.028273344039917
Adult,15,5,0.8497109826589595,0.8478760822510822,0.8478760822510822,8.289017341040463,0.49949397159008,1.0247002860714245,7.028273344039917
Adult,15,7,0.8497109826589595,0.8478760822510822,0.8478760822510822,8.289017341040463,0.49949397159008,1.0247002860714245,7.028273344039917
Adult,16,1,0.861271676300578,0.8602208456773499,0.8621482683982684,8.335260115606937,0.5068150263442375,1.0910510176179038,7.524811744689941
Adult,16,3,0.838150289017341,0.8369243199569082,0.8387445887445888,8.335260115606937,0.5068150263442375,1.0910510176179038,7.524811744689941
Adult,16,5,0.838150289017341,0.8369243199569082,0.8387445887445888,8.335260115606937,0.5068150263442375,1.0910510176179038,7.524811744689941
Adult,16,7,0.8323699421965318,0.8315595098203794,0.8348214285714286,8.335260115606937,0.5068150263442375,1.0910510176179038,7.524811744689941
Adult,17,1,0.8439306358381503,0.841365257259297,0.8400974025974026,8.404624277456648,0.5114532403278212,1.0183289395591426,7.080825090408325
Adult,17,3,0.8497109826589595,0.8465055965055965,0.8440205627705628,8.404624277456648,0.5114532403278212,1.0183289395591426,7.080825090408325
Adult,17,5,0.8554913294797688,0.8526556059005894,0.8505140692640694,8.404624277456648,0.5114532403278212,1.0183289395591426,7.080825090408325
Adult,17,7,0.8439306358381503,0.8403240693262229,0.8375270562770563,8.404624277456648,0.5114532403278212,1.0183289395591426,7.080825090408325
Adult,18,1,0.9075144508670521,0.9061313076505697,0.9051001082251082,8.358381502890174,0.5116893909536466,1.003852966892926,6.971997499465942
Adult,18,3,0.8959537572254336,0.8946834415584415,0.8946834415584415,8.358381502890174,0.5116893909536466,1.003852966892926,6.971997499465942
Adult,18,5,0.8901734104046243,0.888685698804565,0.888189935064935,8.358381502890174,0.5116893909536466,1.003852966892926,6.971997499465942
Adult,18,7,0.8959537572254336,0.8946834415584415,0.8946834415584415,8.358381502890174,0.5116893909536466,1.003852966892926,6.971997499465942
Adult,19,1,0.8728323699421965,0.8712797619047619,0.8712797619047619,8.254335260115607,0.5113332293014949,1.0146910965098122,7.183650732040405
Adult,19,3,0.9017341040462428,0.9006586725215335,0.901176948051948,8.254335260115607,0.5113332293014949,1.0146910965098122,7.183650732040405
Adult,19,5,0.9017341040462428,0.90088632763792,0.9024621212121212,8.254335260115607,0.5113332293014949,1.0146910965098122,7.183650732040405
Adult,19,7,0.8959537572254336,0.8949392712550608,0.8959686147186148,8.254335260115607,0.5113332293014949,1.0146910965098122,7.183650732040405
Banknote,0,1,0.9941690962099126,0.9940927252686691,0.9934640522875817,8.276967930029155,0.6398343180397463,0.9837228904312623,12.084225177764893
Banknote,0,3,0.9970845481049563,0.9970483197796998,0.9967320261437909,8.276967930029155,0.6398343180397463,0.9837228904312623,12.084225177764893
Banknote,0,5,0.9941690962099126,0.9940927252686691,0.9934640522875817,8.276967930029155,0.6398343180397463,0.9837228904312623,12.084225177764893
Banknote,0,7,0.9970845481049563,0.9970483197796998,0.9967320261437909,8.276967930029155,0.6398343180397463,0.9837228904312623,12.084225177764893
Banknote,1,1,0.9912536443148688,0.9911330558643332,0.9901960784313726,8.440233236151604,0.6409137733891225,0.9634431541487357,12.023610353469849
Banknote,1,3,0.9970845481049563,0.9970483197796998,0.9967320261437909,8.440233236151604,0.6409137733891225,0.9634431541487357,12.023610353469849
Banknote,1,5,0.9970845481049563,0.9970483197796998,0.9967320261437909,8.440233236151604,0.6409137733891225,0.9634431541487357,12.023610353469849
Banknote,1,7,0.9941690962099126,0.9940927252686691,0.9934640522875817,8.440233236151604,0.6409137733891225,0.9634431541487357,12.023610353469849
Banknote,2,1,0.9912536443148688,0.9911205073995772,0.9901315789473684,8.34402332361516,0.6421859242962888,0.9718382483668647,12.078737497329712
Banknote,2,3,0.9912536443148688,0.9911205073995772,0.9901315789473684,8.34402332361516,0.6421859242962888,0.9718382483668647,12.078737497329712
Banknote,2,5,0.9912536443148688,0.9911205073995772,0.9901315789473684,8.34402332361516,0.6421859242962888,0.9718382483668647,12.078737497329712
Banknote,2,7,0.9912536443148688,0.9911205073995772,0.9901315789473684,8.34402332361516,0.6421859242962888,0.9718382483668647,12.078737497329712
Banknote,3,1,0.9912536443148688,0.9911449593390991,0.9914749242215486,8.33527696793003,0.6440521062040618,0.9769604546683175,12.062426328659058
Banknote,3,3,0.9912536443148688,0.9911449593390991,0.9914749242215486,8.33527696793003,0.6440521062040618,0.9769604546683175,12.062426328659058
Banknote,3,5,0.9912536443148688,0.9911449593390991,0.9914749242215486,8.33527696793003,0.6440521062040618,0.9769604546683175,12.062426328659058
Banknote,3,7,0.9912536443148688,0.9911449593390991,0.9914749242215486,8.33527696793003,0.6440521062040618,0.9769604546683175,12.062426328659058
Banknote,4,1,0.9854227405247813,0.9852603714558283,0.9862393221273078,8.244897959183673,0.6377612463796475,0.9857135284746353,12.130409955978394
Banknote,4,3,0.9912536443148688,0.9911449593390991,0.9914749242215486,8.244897959183673,0.6377612463796475,0.9857135284746353,12.130409955978394
Banknote,4,5,0.9912536443148688,0.9911330558643332,0.9908032515844585,8.244897959183673,0.6377612463796475,0.9857135284746353,12.130409955978394
Banknote,4,7,0.9912536443148688,0.9911330558643332,0.9908032515844585,8.244897959183673,0.6377612463796475,0.9857135284746353,12.130409955978394
Banknote,5,1,0.9941690962099126,0.9940927252686691,0.9940927252686691,8.256559766763848,0.6425179521921777,0.9587734739564946,11.93221116065979
Banknote,5,3,0.9941690962099126,0.9940927252686691,0.9940927252686691,8.256559766763848,0.6425179521921777,0.9587734739564946,11.93221116065979
Banknote,5,5,0.9970845481049563,0.9970483197796998,0.9973821989528796,8.256559766763848,0.6425179521921777,0.9587734739564946,11.93221116065979
Banknote,5,7,0.9970845481049563,0.9970483197796998,0.9973821989528796,8.256559766763848,0.6425179521921777,0.9587734739564946,11.93221116065979
Banknote,6,1,0.9970845481049563,0.9970483197796998,0.9967320261437909,8.408163265306122,0.6397105712732896,0.971653706130759,11.995250940322876
Banknote,6,3,1.0,1.0,1.0,8.408163265306122,0.6397105712732896,0.971653706130759,11.995250940322876
Banknote,6,5,1.0,1.0,1.0,8.408163265306122,0.6397105712732896,0.971653706130759,11.995250940322876
Banknote,6,7,0.9970845481049563,0.9970483197796998,0.9967320261437909,8.408163265306122,0.6397105712732896,0.971653706130759,11.995250940322876
Banknote,7,1,0.9912536443148688,0.9911449593390991,0.9908324733402133,8.309037900874635,0.6419903992766566,0.9892923644263265,12.140269756317139
Banknote,7,3,0.9912536443148688,0.9911449593390991,0.9908324733402133,8.309037900874635,0.6419903992766566,0.9892923644263265,12.140269756317139
Banknote,7,5,0.9912536443148688,0.9911449593390991,0.9908324733402133,8.309037900874635,0.6419903992766566,0.9892923644263265,12.140269756317139
Banknote,7,7,0.9912536443148688,0.9911449593390991,0.9908324733402133,8.309037900874635,0.6419903992766566,0.9892923644263265,12.140269756317139
Banknote,8,1,0.9941690962099126,0.9940845750551877,0.993421052631579,8.408163265306122,0.6416395268096614,0.9819343062253457,12.095673322677612
Banknote,8,3,0.9941690962099126,0.9940845750551877,0.993421052631579,8.408163265306122,0.6416395268096614,0.9819343062253457,12.095673322677612
Banknote,8,5,0.9912536443148688,0.9911205073995772,0.9901315789473684,8.408163265306122,0.6416395268096614,0.9819343062253457,12.095673322677612
Banknote,8,7,0.9912536443148688,0.9911205073995772,0.9901315789473684,8.408163265306122,0.6416395268096614,0.9819343062253457,12.095673322677612
Banknote,9,1,1.0,1.0,1.0,8.373177842565598,0.6445678045673336,0.9777743920640417,12.031073331832886
Banknote,9,3,1.0,1.0,1.0,8.373177842565598,0.6445678045673336,0.9777743920640417,12.031073331832886
Banknote,9,5,0.9970845481049563,0.9970443519547777,0.9967105263157895,8.373177842565598,0.6445678045673336,0.9777743920640417,12.031073331832886
Banknote,9,7,0.9970845481049563,0.9970443519547777,0.9967105263157895,8.373177842565598,0.6445678045673336,0.9777743920640417,12.031073331832886
Banknote,10,1,1.0,1.0,1.0,8.43731778425656,0.642208350256492,0.9884275472546458,12.22843337059021
Banknote,10,3,1.0,1.0,1.0,8.43731778425656,0.642208350256492,0.9884275472546458,12.22843337059021
Banknote,10,5,1.0,1.0,1.0,8.43731778425656,0.642208350256492,0.9884275472546458,12.22843337059021
Banknote,10,7,1.0,1.0,1.0,8.43731778425656,0.642208350256492,0.9884275472546458,12.22843337059021
Banknote,11,1,0.9970845481049563,0.9970443519547777,0.9967105263157895,8.244897959183673,0.6402936821832416,0.9876553497926139,12.205159187316895
Banknote,11,3,0.9970845481049563,0.9970443519547777,0.9967105263157895,8.244897959183673,0.6402936821832416,0.9876553497926139,12.205159187316895
Banknote,11,5,0.9970845481049563,0.9970443519547777,0.9967105263157895,8.244897959183673,0.6402936821832416,0.9876553497926139,12.205159187316895
Banknote,11,7,0.9970845481049563,0.9970443519547777,0.9967105263157895,8.244897959183673,0.6402936821832416,0.9876553497926139,12.205159187316895
Banknote,12,1,0.9766763848396501,0.9763383002207505,0.9751289989680083,8.361516034985423,0.6363569617254512,0.9549559851777102,11.78064751625061
Banknote,12,3,0.9737609329446064,0.9733991675929995,0.9724974200206398,8.361516034985423,0.6363569617254512,0.9549559851777102,11.78064751625061
Banknote,12,5,0.9766763848396501,0.9763383002207505,0.9751289989680083,8.361516034985423,0.6363569617254512,0.9549559851777102,11.78064751625061
Banknote,12,7,0.9766763848396501,0.9763383002207505,0.9751289989680083,8.361516034985423,0.6363569617254512,0.9549559851777102,11.78064751625061
Banknote,13,1,0.9941690962099126,0.9941077441077442,0.9947368421052631,8.355685131195335,0.6396529959465451,0.9535332970299457,11.784088134765625
Banknote,13,3,0.9941690962099126,0.9941077441077442,0.9947368421052631,8.355685131195335,0.6396529959465451,0.9535332970299457,11.784088134765625
Banknote,13,5,0.9941690962099126,0.9941077441077442,0.9947368421052631,8.355685131195335,0.6396529959465451,0.9535332970299457,11.784088134765625
Banknote,13,7,0.9941690962099126,0.9941077441077442,0.9947368421052631,8.355685131195335,0.6396529959465451,0.9535332970299457,11.784088134765625
Banknote,14,1,0.9970845481049563,0.9970520742911657,0.9973684210526316,8.224489795918368,0.6435952252810632,0.9769677670982072,12.033295631408691
Banknote,14,3,0.9970845481049563,0.9970520742911657,0.9973684210526316,8.224489795918368,0.6435952252810632,0.9769677670982072,12.033295631408691
Banknote,14,5,1.0,1.0,1.0,8.224489795918368,0.6435952252810632,0.9769677670982072,12.033295631408691
Banknote,14,7,0.9970845481049563,0.9970483197796998,0.9967320261437909,8.224489795918368,0.6435952252810632,0.9769677670982072,12.033295631408691
Banknote,15,1,0.9912536443148688,0.9911330558643332,0.9908032515844585,8.306122448979592,0.6407807850600982,0.9750564835161927,12.010144710540771
Banknote,15,3,0.9941690962099126,0.9940927252686691,0.9940927252686691,8.306122448979592,0.6407807850600982,0.9750564835161927,12.010144710540771
Banknote,15,5,0.9941690962099126,0.9940927252686691,0.9940927252686691,8.306122448979592,0.6407807850600982,0.9750564835161927,12.010144710540771
Banknote,15,7,0.9941690962099126,0.9940927252686691,0.9940927252686691,8.306122448979592,0.6407807850600982,0.9750564835161927,12.010144710540771
Banknote,16,1,0.9854227405247813,0.9852217597738886,0.9842965256277949,8.244897959183673,0.6367465771542774,0.9623020904752325,11.840881586074829
Banknote,16,3,0.9883381924198251,0.9881854505373381,0.987564499484004,8.244897959183673,0.6367465771542774,0.9623020904752325,11.840881586074829
Banknote,16,5,0.9912536443148688,0.9911330558643332,0.9901960784313726,8.244897959183673,0.6367465771542774,0.9623020904752325,11.840881586074829
Banknote,16,7,0.9912536443148688,0.9911330558643332,0.9901960784313726,8.244897959183673,0.6367465771542774,0.9623020904752325,11.840881586074829
Banknote,17,1,0.9941690962099126,0.9940927252686691,0.9934640522875817,8.39941690962099,0.6425955461013664,0.9935847614666463,12.215347290039062
Banknote,17,3,0.9941690962099126,0.9940927252686691,0.9934640522875817,8.39941690962099,0.6425955461013664,0.9935847614666463,12.215347290039062
Banknote,17,5,0.9941690962099126,0.9940927252686691,0.9934640522875817,8.39941690962099,0.6425955461013664,0.9935847614666463,12.215347290039062
Banknote,17,7,0.9941690962099126,0.9940927252686691,0.9934640522875817,8.39941690962099,0.6425955461013664,0.9935847614666463,12.215347290039062
Banknote,18,1,0.9970845481049563,0.9970520742911657,0.9973684210526316,8.28862973760933,0.644211794594367,0.9917762627059448,12.189361095428467
Banknote,18,3,0.9970845481049563,0.9970520742911657,0.9973684210526316,8.28862973760933,0.644211794594367,0.9917762627059448,12.189361095428467
Banknote,18,5,0.9970845481049563,0.9970520742911657,0.9973684210526316,8.28862973760933,0.644211794594367,0.9917762627059448,12.189361095428467
Banknote,18,7,1.0,1.0,1.0,8.28862973760933,0.644211794594367,0.9917762627059448,12.189361095428467
Banknote,19,1,1.0,1.0,1.0,8.364431486880466,0.6377018011290208,0.9749384732705163,12.059537649154663
Banknote,19,3,0.9970845481049563,0.9970483197796998,0.9967320261437909,8.364431486880466,0.6377018011290208,0.9749384732705163,12.059537649154663
Banknote,19,5,0.9970845481049563,0.9970483197796998,0.9967320261437909,8.364431486880466,0.6377018011290208,0.9749384732705163,12.059537649154663
Banknote,19,7,0.9941690962099126,0.9940927252686691,0.9934640522875817,8.364431486880466,0.6377018011290208,0.9749384732705163,12.059537649154663
Blood,0,1,0.7540106951871658,0.5768398268398268,0.5723787167449139,8.406417112299465,0.6179239286193116,1.0075390555641868,7.423700571060181
Blood,0,3,0.7540106951871658,0.5768398268398268,0.5723787167449139,8.406417112299465,0.6179239286193116,1.0075390555641868,7.423700571060181
Blood,0,5,0.7486631016042781,0.5624097585262634,0.5612676056338028,8.406417112299465,0.6179239286193116,1.0075390555641868,7.423700571060181
Blood,0,7,0.7486631016042781,0.5624097585262634,0.5612676056338028,8.406417112299465,0.6179239286193116,1.0075390555641868,7.423700571060181
Blood,1,1,0.7754010695187166,0.6136363636363636,0.6013986013986015,8.310160427807487,0.6278869051722524,0.9984683926730232,7.3532068729400635
Blood,1,3,0.7754010695187166,0.6136363636363636,0.6013986013986015,8.310160427807487,0.6278869051722524,0.9984683926730232,7.3532068729400635
Blood,1,5,0.786096256684492,0.6133167907361456,0.6005244755244755,8.310160427807487,0.6278869051722524,0.9984683926730232,7.3532068729400635
Blood,1,7,0.786096256684492,0.6029723991507431,0.5926573426573426,8.310160427807487,0.6278869051722524,0.9984683926730232,7.3532068729400635
Blood,2,1,0.8074866310160428,0.6606854838709677,0.6381118881118881,8.29946524064171,0.6290845164242096,1.085710390366335,7.858709812164307
Blood,2,3,0.8128342245989305,0.6659521257591997,0.6416083916083916,8.29946524064171,0.6290845164242096,1.085710390366335,7.858709812164307
Blood,2,5,0.8181818181818182,0.6795362903225807,0.6529720279720279,8.29946524064171,0.6290845164242096,1.085710390366335,7.858709812164307
Blood,2,7,0.8181818181818182,0.6713192721257237,0.6451048951048951,8.29946524064171,0.6290845164242096,1.085710390366335,7.858709812164307
Blood,3,1,0.7914438502673797,0.6075867635189669,0.5970266040688577,8.27807486631016,0.6229020262822201,1.055179170108734,7.691023588180542
Blood,3,3,0.7967914438502673,0.6326509511993383,0.6157276995305164,8.27807486631016,0.6229020262822201,1.055179170108734,7.691023588180542
Blood,3,5,0.7914438502673797,0.6180275493636411,0.6046165884194054,8.27807486631016,0.6229020262822201,1.055179170108734,7.691023588180542
Blood,3,7,0.786096256684492,0.6029723991507431,0.5935054773082942,8.27807486631016,0.6229020262822201,1.055179170108734,7.691023588180542
Blood,4,1,0.7647058823529411,0.6215967623252392,0.6101398601398601,8.27807486631016,0.622848107799962,0.9716444971727177,7.312495470046997
Blood,4,3,0.7647058823529411,0.6133458646616541,0.6022727272727273,8.27807486631016,0.622848107799962,0.9716444971727177,7.312495470046997
Blood,4,5,0.7914438502673797,0.6454373085711508,0.6276223776223776,8.27807486631016,0.622848107799962,0.9716444971727177,7.312495470046997
Blood,4,7,0.7914438502673797,0.6454373085711508,0.6276223776223776,8.27807486631016,0.622848107799962,0.9716444971727177,7.312495470046997
Blood,5,1,0.7754010695187166,0.6598232848232848,0.6471830985915493,8.352941176470589,0.6047379632742954,1.0197573230865804,7.494143962860107
Blood,5,3,0.7647058823529411,0.636700812433769,0.6249608763693271,8.352941176470589,0.6047379632742954,1.0197573230865804,7.494143962860107
Blood,5,5,0.7700534759358288,0.6414269788182831,0.6284820031298904,8.352941176470589,0.6047379632742954,1.0197573230865804,7.494143962860107
Blood,5,7,0.7700534759358288,0.6414269788182831,0.6284820031298904,8.352941176470589,0.6047379632742954,1.0197573230865804,7.494143962860107
Blood,6,1,0.7700534759358288,0.6179139938227607,0.6057120500782472,8.294117647058824,0.6212864935505777,1.0385622429975214,7.5721704959869385
Blood,6,3,0.7593582887700535,0.6001425516749821,0.5910798122065728,8.294117647058824,0.6212864935505777,1.0385622429975214,7.5721704959869385
Blood,6,5,0.7754010695187166,0.6225490196078431,0.6092331768388106,8.294117647058824,0.6212864935505777,1.0385622429975214,7.5721704959869385
Blood,6,7,0.7914438502673797,0.6454373085711508,0.6273865414710484,8.294117647058824,0.6212864935505777,1.0385622429975214,7.5721704959869385
Blood,7,1,0.7807486631016043,0.5984392185617765,0.5899843505477308,8.385026737967914,0.6213870177138031,1.0086717478094254,7.51105260848999
Blood,7,3,0.7700534759358288,0.578850887759912,0.5753521126760563,8.385026737967914,0.6213870177138031,1.0086717478094254,7.51105260848999
Blood,7,5,0.7700534759358288,0.5673392520850148,0.5677621283255085,8.385026737967914,0.6213870177138031,1.0086717478094254,7.51105260848999
Blood,7,7,0.7700534759358288,0.578850887759912,0.5753521126760563,8.385026737967914,0.6213870177138031,1.0086717478094254,7.51105260848999
Blood,8,1,0.7647058823529411,0.5632696390658174,0.5629370629370629,8.39572192513369,0.620238115757456,1.0096993943586707,7.385261297225952
Blood,8,3,0.7700534759358288,0.5549836736952791,0.5585664335664335,8.39572192513369,0.620238115757456,1.0096993943586707,7.385261297225952
Blood,8,5,0.7700534759358288,0.5549836736952791,0.5585664335664335,8.39572192513369,0.620238115757456,1.0096993943586707,7.385261297225952
Blood,8,7,0.7754010695187166,0.5714753382802269,0.5699300699300699,8.39572192513369,0.620238115757456,1.0096993943586707,7.385261297225952
Blood,9,1,0.7754010695187166,0.6136363636363636,0.6016431924882629,8.358288770053475,0.6256008577100043,1.0643270691448354,7.847656011581421
Blood,9,3,0.7914438502673797,0.6368932038834951,0.6197965571205007,8.358288770053475,0.6256008577100043,1.0643270691448354,7.847656011581421
Blood,9,5,0.786096256684492,0.622983870967742,0.6086854460093897,8.358288770053475,0.6256008577100043,1.0643270691448354,7.847656011581421
Blood,9,7,0.7700534759358288,0.5895983259327311,0.582942097026604,8.358288770053475,0.6256008577100043,1.0643270691448354,7.847656011581421
Blood,10,1,0.7219251336898396,0.5098790322580645,0.5192307692307692,8.310160427807487,0.6284005538906636,1.00882527662471,7.349325180053711
Blood,10,3,0.732620320855615,0.5287298387096775,0.5340909090909091,8.310160427807487,0.6284005538906636,1.00882527662471,7.349325180053711
Blood,10,5,0.7219251336898396,0.49731182795698925,0.5113636363636364,8.310160427807487,0.6284005538906636,1.00882527662471,7.349325180053711
Blood,10,7,0.732620320855615,0.5287298387096775,0.5340909090909091,8.310160427807487,0.6284005538906636,1.00882527662471,7.349325180053711
Blood,11,1,0.7807486631016043,0.6272546064465945,0.612754303599374,8.368983957219251,0.6209037998688519,0.9777912634579256,7.332005977630615
Blood,11,3,0.7700534759358288,0.6090719043220381,0.5981220657276995,8.368983957219251,0.6209037998688519,0.9777912634579256,7.332005977630615
Blood,11,5,0.7700534759358288,0.6090719043220381,0.5981220657276995,8.368983957219251,0.6209037998688519,0.9777912634579256,7.332005977630615
Blood,11,7,0.7754010695187166,0.5939826302729528,0.5864632237871674,8.368983957219251,0.6209037998688519,0.9777912634579256,7.332005977630615
Blood,12,1,0.7914438502673797,0.6534568781183179,0.6354895104895105,8.443850267379679,0.6237765652681475,1.0165463131379315,7.5011982917785645
Blood,12,3,0.7807486631016043,0.6272546064465945,0.6127622377622378,8.443850267379679,0.6237765652681475,1.0165463131379315,7.5011982917785645
Blood,12,5,0.8074866310160428,0.6688311688311688,0.6459790209790209,8.443850267379679,0.6237765652681475,1.0165463131379315,7.5011982917785645
Blood,12,7,0.8074866310160428,0.6606854838709677,0.6381118881118881,8.443850267379679,0.6237765652681475,1.0165463131379315,7.5011982917785645
Blood,13,1,0.7967914438502673,0.6326509511993383,0.6153846153846154,8.449197860962567,0.629944774260725,1.00588131460914,7.3985185623168945
Blood,13,3,0.7914438502673797,0.6075867635189669,0.5961538461538461,8.449197860962567,0.629944774260725,1.00588131460914,7.3985185623168945
Blood,13,5,0.7967914438502673,0.6122872108249673,0.5996503496503496,8.449197860962567,0.629944774260725,1.00588131460914,7.3985185623168945
Blood,13,7,0.7967914438502673,0.6122872108249673,0.5996503496503496,8.449197860962567,0.629944774260725,1.00588131460914,7.3985185623168945
Blood,14,1,0.7593582887700535,0.6088411658067215,0.5987762237762237,8.053475935828876,0.630009432687424,1.0469053110336874,7.654862403869629
Blood,14,3,0.7700534759358288,0.5996514812048792,0.590034965034965,8.053475935828876,0.630009432687424,1.0469053110336874,7.654862403869629
Blood,14,5,0.7647058823529411,0.5746484698097601,0.5708041958041958,8.053475935828876,0.630009432687424,1.0469053110336874,7.654862403869629
Blood,14,7,0.7486631016042781,0.5270917406510627,0.5367132867132867,8.053475935828876,0.630009432687424,1.0469053110336874,7.654862403869629
Blood,15,1,0.7647058823529411,0.5746484698097601,0.5708041958041958,8.32620320855615,0.6253371688330652,1.033207545305956,7.544932126998901
Blood,15,3,0.7540106951871658,0.5664314516129032,0.5638111888111889,8.32620320855615,0.6253371688330652,1.033207545305956,7.544932126998901
Blood,15,5,0.7593582887700535,0.5705098759761139,0.5673076923076923,8.32620320855615,0.6253371688330652,1.033207545305956,7.544932126998901
Blood,15,7,0.7593582887700535,0.5592625569580475,0.5594405594405595,8.32620320855615,0.6253371688330652,1.033207545305956,7.544932126998901
Blood,16,1,0.7700534759358288,0.6414269788182831,0.6284820031298904,8.358288770053475,0.6151641665101913,0.9891750544787729,7.3784143924713135
Blood,16,3,0.7700534759358288,0.6483886483886484,0.6360719874804381,8.358288770053475,0.6151641665101913,0.9891750544787729,7.3784143924713135
Blood,16,5,0.7647058823529411,0.636700812433769,0.6249608763693271,8.358288770053475,0.6151641665101913,0.9891750544787729,7.3784143924713135
Blood,16,7,0.7754010695187166,0.6532144118685976,0.6395931142410016,8.358288770053475,0.6151641665101913,0.9891750544787729,7.3784143924713135
Blood,17,1,0.7914438502673797,0.5843260188087774,0.5804195804195804,8.267379679144385,0.6399154195704141,0.9887357229854972,7.340621471405029
Blood,17,3,0.7914438502673797,0.5843260188087774,0.5804195804195804,8.267379679144385,0.6399154195704141,0.9887357229854972,7.340621471405029
Blood,17,5,0.7914438502673797,0.5843260188087774,0.5804195804195804,8.267379679144385,0.6399154195704141,0.9887357229854972,7.340621471405029
Blood,17,7,0.7914438502673797,0.5843260188087774,0.5804195804195804,8.267379679144385,0.6399154195704141,0.9887357229854972,7.340621471405029
Blood,18,1,0.7807486631016043,0.6086867758893482,0.5975743348982785,8.342245989304812,0.6277292835100828,0.9872963441246971,7.334358215332031
Blood,18,3,0.7914438502673797,0.6180275493636411,0.6046165884194054,8.342245989304812,0.6277292835100828,0.9872963441246971,7.334358215332031
Blood,18,5,0.786096256684492,0.6133167907361456,0.6010954616588419,8.342245989304812,0.6277292835100828,0.9872963441246971,7.334358215332031
Blood,18,7,0.786096256684492,0.6133167907361456,0.6010954616588419,8.342245989304812,0.6277292835100828,0.9872963441246971,7.334358215332031
Blood,19,1,0.7967914438502673,0.6326509511993383,0.6153846153846154,8.368983957219251,0.623775870204167,1.0743360532158837,7.844103097915649
Blood,19,3,0.7967914438502673,0.6418346774193548,0.6232517482517482,8.368983957219251,0.623775870204167,1.0743360532158837,7.844103097915649
Blood,19,5,0.7914438502673797,0.6277752258459655,0.6118881118881119,8.368983957219251,0.623775870204167,1.0743360532158837,7.844103097915649
Blood,19,7,0.8021390374331551,0.6376158801655056,0.6188811188811189,8.368983957219251,0.623775870204167,1.0743360532158837,7.844103097915649
Breast,0,1,0.9440559440559441,0.9400419287211741,0.9400419287211741,8.433566433566433,0.5525189554745358,1.0609047062747128,6.487832307815552
Breast,0,3,0.965034965034965,0.9620669531540135,0.9567085953878407,8.433566433566433,0.5525189554745358,1.0609047062747128,6.487832307815552
Breast,0,5,0.951048951048951,0.9468937344156189,0.9417190775681341,8.433566433566433,0.5525189554745358,1.0609047062747128,6.487832307815552
Breast,0,7,0.958041958041958,0.9546703296703296,0.9511530398322852,8.433566433566433,0.5525189554745358,1.0609047062747128,6.487832307815552
Breast,1,1,0.958041958041958,0.9546703296703296,0.9511530398322852,8.20979020979021,0.5484222104090682,1.1843511741478125,6.922083854675293
Breast,1,3,0.958041958041958,0.9546703296703296,0.9511530398322852,8.20979020979021,0.5484222104090682,1.1843511741478125,6.922083854675293
Breast,1,5,0.958041958041958,0.9546703296703296,0.9511530398322852,8.20979020979021,0.5484222104090682,1.1843511741478125,6.922083854675293
Breast,1,7,0.958041958041958,0.9546703296703296,0.9511530398322852,8.20979020979021,0.5484222104090682,1.1843511741478125,6.922083854675293
Breast,2,1,0.958041958041958,0.9550314465408805,0.9550314465408805,8.482517482517483,0.5515891716912638,1.025908841953411,6.106551885604858
Breast,2,3,0.965034965034965,0.9626690335717643,0.9644654088050315,8.482517482517483,0.5515891716912638,1.025908841953411,6.106551885604858
Breast,2,5,0.965034965034965,0.9626690335717643,0.9644654088050315,8.482517482517483,0.5515891716912638,1.025908841953411,6.106551885604858
Breast,2,7,0.965034965034965,0.9626690335717643,0.9644654088050315,8.482517482517483,0.5515891716912638,1.025908841953411,6.106551885604858
Breast,3,1,0.958041958041958,0.9553682896379525,0.958909853249476,8.27972027972028,0.5563892085550439,1.111797882960393,6.6892430782318115
Breast,3,3,0.958041958041958,0.9550314465408805,0.9550314465408805,8.27972027972028,0.5563892085550439,1.111797882960393,6.6892430782318115
Breast,3,5,0.965034965034965,0.9623783214943435,0.960587002096436,8.27972027972028,0.5563892085550439,1.111797882960393,6.6892430782318115
Breast,3,7,0.972027972027972,0.9697802197802198,0.9661425576519916,8.27972027972028,0.5563892085550439,1.111797882960393,6.6892430782318115
Breast,4,1,0.9440559440559441,0.9395604395604396,0.9361635220125786,8.265734265734265,0.5432840355202706,1.062354684709669,6.370313405990601
Breast,4,3,0.9300699300699301,0.9244505494505495,0.9211740041928722,8.265734265734265,0.5432840355202706,1.062354684709669,6.370313405990601
Breast,4,5,0.9440559440559441,0.9395604395604396,0.9361635220125786,8.265734265734265,0.5432840355202706,1.062354684709669,6.370313405990601
Breast,4,7,0.9440559440559441,0.9400419287211741,0.9400419287211741,8.265734265734265,0.5432840355202706,1.062354684709669,6.370313405990601
Breast,5,1,0.986013986013986,0.9850104821802935,0.9850104821802935,8.405594405594405,0.5518489135801301,1.0539279751010708,6.232303857803345
Breast,5,3,0.9790209790209791,0.9774269928966062,0.9755765199161426,8.405594405594405,0.5518489135801301,1.0539279751010708,6.232303857803345
Breast,5,5,0.9790209790209791,0.9774269928966062,0.9755765199161426,8.405594405594405,0.5518489135801301,1.0539279751010708,6.232303857803345
Breast,5,7,0.9790209790209791,0.9774269928966062,0.9755765199161426,8.405594405594405,0.5518489135801301,1.0539279751010708,6.232303857803345
Breast,6,1,0.9790209790209791,0.9772401718924081,0.9716981132075472,8.27972027972028,0.5516471229336131,0.9646532002028886,5.848047494888306
Breast,6,3,0.9790209790209791,0.9772401718924081,0.9716981132075472,8.27972027972028,0.5516471229336131,0.9646532002028886,5.848047494888306
Breast,6,5,0.972027972027972,0.9695225916453538,0.9622641509433962,8.27972027972028,0.5516471229336131,0.9646532002028886,5.848047494888306
Breast,6,7,0.972027972027972,0.9695225916453538,0.9622641509433962,8.27972027972028,0.5516471229336131,0.9646532002028886,5.848047494888306
Breast,7,1,0.9790209790209791,0.9774269928966062,0.9755765199161426,8.377622377622378,0.5614610947066487,1.0417249436145062,6.2156736850738525
Breast,7,3,0.9790209790209791,0.9774269928966062,0.9755765199161426,8.377622377622378,0.5614610947066487,1.0417249436145062,6.2156736850738525
Breast,7,5,0.958041958041958,0.9550314465408805,0.9550314465408805,8.377622377622378,0.5614610947066487,1.0417249436145062,6.2156736850738525
Breast,7,7,0.965034965034965,0.9623783214943435,0.960587002096436,8.377622377622378,0.5614610947066487,1.0417249436145062,6.2156736850738525
Breast,8,1,0.9370629370629371,0.9311212202301311,0.9228511530398322,8.335664335664335,0.5505568464195626,1.0989737894151594,6.544187307357788
Breast,8,3,0.9440559440559441,0.938494623655914,0.9284067085953879,8.335664335664335,0.5505568464195626,1.0989737894151594,6.544187307357788
Breast,8,5,0.958041958041958,0.9542838874680306,0.9472746331236898,8.335664335664335,0.5505568464195626,1.0989737894151594,6.544187307357788
Breast,8,7,0.951048951048951,0.9464276157345465,0.9378406708595388,8.335664335664335,0.5505568464195626,1.0989737894151594,6.544187307357788
Breast,9,1,0.986013986013986,0.9850104821802935,0.9850104821802935,8.412587412587413,0.5419638757759689,1.0932440024155836,6.497518539428711
Breast,9,3,0.972027972027972,0.9702455264253016,0.9738993710691823,8.412587412587413,0.5419638757759689,1.0932440024155836,6.497518539428711
Breast,9,5,0.9790209790209791,0.9776014201430585,0.9794549266247379,8.412587412587413,0.5419638757759689,1.0932440024155836,6.497518539428711
Breast,9,7,0.972027972027972,0.9702455264253016,0.9738993710691823,8.412587412587413,0.5419638757759689,1.0932440024155836,6.497518539428711
Breast,10,1,0.993006993006993,0.9924756642988688,0.9905660377358491,8.223776223776223,0.5505409230678034,1.0452180675693326,6.225614786148071
Breast,10,3,0.986013986013986,0.9848901098901099,0.9811320754716981,8.223776223776223,0.5505409230678034,1.0452180675693326,6.225614786148071
Breast,10,5,0.993006993006993,0.9924756642988688,0.9905660377358491,8.223776223776223,0.5505409230678034,1.0452180675693326,6.225614786148071
Breast,10,7,0.986013986013986,0.9848901098901099,0.9811320754716981,8.223776223776223,0.5505409230678034,1.0452180675693326,6.225614786148071
Breast,11,1,0.9440559440559441,0.9379070777247069,0.9245283018867925,8.265734265734265,0.5567669949680302,1.1073326414281672,6.653056621551514
Breast,11,3,0.951048951048951,0.9459298871063577,0.9339622641509434,8.265734265734265,0.5567669949680302,1.1073326414281672,6.653056621551514
Breast,11,5,0.951048951048951,0.9459298871063577,0.9339622641509434,8.265734265734265,0.5567669949680302,1.1073326414281672,6.653056621551514
Breast,11,7,0.9440559440559441,0.9379070777247069,0.9245283018867925,8.265734265734265,0.5567669949680302,1.1073326414281672,6.653056621551514
Breast,12,1,0.986013986013986,0.9850104821802935,0.9850104821802935,8.475524475524475,0.5573937073991767,1.0247373981075687,6.172073602676392
Breast,12,3,0.9790209790209791,0.9776014201430585,0.9794549266247379,8.475524475524475,0.5573937073991767,1.0247373981075687,6.172073602676392
Breast,12,5,0.993006993006993,0.9925338067143528,0.9944444444444445,8.475524475524475,0.5573937073991767,1.0247373981075687,6.172073602676392
Breast,12,7,0.986013986013986,0.9851227632126509,0.9888888888888889,8.475524475524475,0.5573937073991767,1.0247373981075687,6.172073602676392
Breast,13,1,0.972027972027972,0.970020964360587,0.970020964360587,8.398601398601398,0.5330480478809926,1.0354356282240862,6.1421592235565186
Breast,13,3,0.965034965034965,0.9626690335717643,0.9644654088050315,8.398601398601398,0.5330480478809926,1.0354356282240862,6.1421592235565186
Breast,13,5,0.972027972027972,0.970020964360587,0.970020964360587,8.398601398601398,0.5330480478809926,1.0354356282240862,6.1421592235565186
Breast,13,7,0.972027972027972,0.970020964360587,0.970020964360587,8.398601398601398,0.5330480478809926,1.0354356282240862,6.1421592235565186
Breast,14,1,0.972027972027972,0.9695225916453538,0.9622641509433962,8.454545454545455,0.5523772032465496,1.1106968859692554,6.6070451736450195
Breast,14,3,0.972027972027972,0.9695225916453538,0.9622641509433962,8.454545454545455,0.5523772032465496,1.1106968859692554,6.6070451736450195
Breast,14,5,0.972027972027972,0.9695225916453538,0.9622641509433962,8.454545454545455,0.5523772032465496,1.1106968859692554,6.6070451736450195
Breast,14,7,0.972027972027972,0.9695225916453538,0.9622641509433962,8.454545454545455,0.5523772032465496,1.1106968859692554,6.6070451736450195
Breast,15,1,0.972027972027972,0.9695225916453538,0.9622641509433962,8.328671328671328,0.5489721931476451,0.961643519101443,5.892127513885498
Breast,15,3,0.9790209790209791,0.9772401718924081,0.9716981132075472,8.328671328671328,0.5489721931476451,0.961643519101443,5.892127513885498
Breast,15,5,0.9790209790209791,0.9772401718924081,0.9716981132075472,8.328671328671328,0.5489721931476451,0.961643519101443,5.892127513885498
Breast,15,7,0.9790209790209791,0.9772401718924081,0.9716981132075472,8.328671328671328,0.5489721931476451,0.961643519101443,5.892127513885498
Breast,16,1,0.9790209790209791,0.9774269928966062,0.9755765199161426,8.23076923076923,0.5592170669726628,1.0095564668828791,5.904783010482788
Breast,16,3,0.986013986013986,0.9848901098901099,0.9811320754716981,8.23076923076923,0.5592170669726628,1.0095564668828791,5.904783010482788
Breast,16,5,0.9790209790209791,0.9774269928966062,0.9755765199161426,8.23076923076923,0.5592170669726628,1.0095564668828791,5.904783010482788
Breast,16,7,0.9790209790209791,0.9774269928966062,0.9755765199161426,8.23076923076923,0.5592170669726628,1.0095564668828791,5.904783010482788
Breast,17,1,0.951048951048951,0.9464276157345465,0.9378406708595388,8.44055944055944,0.5421197111305767,1.0604864283875153,6.463299512863159
Breast,17,3,0.958041958041958,0.9542838874680306,0.9472746331236898,8.44055944055944,0.5421197111305767,1.0604864283875153,6.463299512863159
Breast,17,5,0.972027972027972,0.9695225916453538,0.9622641509433962,8.44055944055944,0.5421197111305767,1.0604864283875153,6.463299512863159
Breast,17,7,0.972027972027972,0.9695225916453538,0.9622641509433962,8.44055944055944,0.5421197111305767,1.0604864283875153,6.463299512863159
Breast,18,1,0.965034965034965,0.9617340112389617,0.9528301886792453,8.27972027972028,0.5569076603675763,1.0749810208807458,6.411090612411499
Breast,18,3,0.972027972027972,0.9695225916453538,0.9622641509433962,8.27972027972028,0.5569076603675763,1.0749810208807458,6.411090612411499
Breast,18,5,0.972027972027972,0.9695225916453538,0.9622641509433962,8.27972027972028,0.5569076603675763,1.0749810208807458,6.411090612411499
Breast,18,7,0.972027972027972,0.9695225916453538,0.9622641509433962,8.27972027972028,0.5569076603675763,1.0749810208807458,6.411090612411499
Breast,19,1,0.9440559440559441,0.9379070777247069,0.9245283018867925,8.328671328671328,0.5493368295884343,1.0387142438154955,6.208031415939331
Breast,19,3,0.951048951048951,0.9459298871063577,0.9339622641509434,8.328671328671328,0.5493368295884343,1.0387142438154955,6.208031415939331
Breast,19,5,0.951048951048951,0.9459298871063577,0.9339622641509434,8.328671328671328,0.5493368295884343,1.0387142438154955,6.208031415939331
Breast,19,7,0.951048951048951,0.9459298871063577,0.9339622641509434,8.328671328671328,0.5493368295884343,1.0387142438154955,6.208031415939331
Cardiotocography,0,1,0.7330827067669173,0.597393274435744,0.5777957974315324,8.353383458646617,0.453193332697357,1.973297764035992,36.50525403022766
Cardiotocography,0,3,0.7293233082706767,0.5661240964068456,0.5475749132482098,8.353383458646617,0.453193332697357,1.973297764035992,36.50525403022766
Cardiotocography,0,5,0.7387218045112782,0.5815988067769726,0.5612843510463176,8.353383458646617,0.453193332697357,1.973297764035992,36.50525403022766
Cardiotocography,0,7,0.75,0.5969660548286886,0.5766017167939759,8.353383458646617,0.453193332697357,1.973297764035992,36.50525403022766
Cardiotocography,1,1,0.7575187969924813,0.6748749977941225,0.6399798466453719,8.31578947368421,0.4548584950579358,1.9559942976872724,36.041208267211914
Cardiotocography,1,3,0.7612781954887218,0.6553014551465008,0.6205793748306547,8.31578947368421,0.4548584950579358,1.9559942976872724,36.041208267211914
Cardiotocography,1,5,0.7575187969924813,0.6411726270330942,0.6085754813929378,8.31578947368421,0.4548584950579358,1.9559942976872724,36.041208267211914
Cardiotocography,1,7,0.7537593984962406,0.636375510186058,0.6041668290431089,8.31578947368421,0.4548584950579358,1.9559942976872724,36.041208267211914
Cardiotocography,2,1,0.7575187969924813,0.6668026860628724,0.6348992941777041,8.398496240601503,0.4552056808958687,1.9663760258739156,36.35349774360657
Cardiotocography,2,3,0.7725563909774437,0.6813516962823177,0.6411440259784702,8.398496240601503,0.4552056808958687,1.9663760258739156,36.35349774360657
Cardiotocography,2,5,0.7725563909774437,0.6770053551034569,0.6363905119222453,8.398496240601503,0.4552056808958687,1.9663760258739156,36.35349774360657
Cardiotocography,2,7,0.768796992481203,0.6718000094031767,0.6335377041393897,8.398496240601503,0.4552056808958687,1.9663760258739156,36.35349774360657
Cardiotocography,3,1,0.7424812030075187,0.6436639034200098,0.6063961286615711,8.338345864661655,0.46573426655094996,1.9657341743770398,36.43199348449707
Cardiotocography,3,3,0.7593984962406015,0.6639265110416727,0.6271593036633727,8.338345864661655,0.46573426655094996,1.9657341743770398,36.43199348449707
Cardiotocography,3,5,0.768796992481203,0.6789380568183654,0.6414601947025191,8.338345864661655,0.46573426655094996,1.9657341743770398,36.43199348449707
Cardiotocography,3,7,0.7669172932330827,0.676910040909527,0.6375525609524398,8.338345864661655,0.46573426655094996,1.9657341743770398,36.43199348449707
Cardiotocography,4,1,0.7387218045112782,0.6595315091194812,0.6306300566114684,8.407894736842104,0.4629400274010151,1.9510529767301745,36.079232692718506
Cardiotocography,4,3,0.7424812030075187,0.6522477537837226,0.6164639735115619,8.407894736842104,0.4629400274010151,1.9510529767301745,36.079232692718506
Cardiotocography,4,5,0.7537593984962406,0.6591434170485349,0.6249843563565708,8.407894736842104,0.4629400274010151,1.9510529767301745,36.079232692718506
Cardiotocography,4,7,0.7593984962406015,0.6725748887585319,0.6362442522620316,8.407894736842104,0.4629400274010151,1.9510529767301745,36.079232692718506
Cardiotocography,5,1,0.768796992481203,0.672738834191181,0.6322577177364967,8.319548872180452,0.46650739810964215,1.995886756961507,36.9480459690094
Cardiotocography,5,3,0.7781954887218046,0.6926875398438156,0.6450019947507231,8.319548872180452,0.46650739810964215,1.995886756961507,36.9480459690094
Cardiotocography,5,5,0.7894736842105263,0.7114604566296701,0.664672698835339,8.319548872180452,0.46650739810964215,1.995886756961507,36.9480459690094
Cardiotocography,5,7,0.7781954887218046,0.6801186652504525,0.6370657631561142,8.319548872180452,0.46650739810964215,1.995886756961507,36.9480459690094
Cardiotocography,6,1,0.7575187969924813,0.6548095175093414,0.6223610267426775,8.451127819548873,0.4604747298054109,1.973240366107539,36.38884353637695
Cardiotocography,6,3,0.7838345864661654,0.6978540694619164,0.6617193529635248,8.451127819548873,0.4604747298054109,1.973240366107539,36.38884353637695
Cardiotocography,6,5,0.7650375939849624,0.6764878768621323,0.6396210142165872,8.451127819548873,0.4604747298054109,1.973240366107539,36.38884353637695
Cardiotocography,6,7,0.7631578947368421,0.667183475140351,0.6351381331261923,8.451127819548873,0.4604747298054109,1.973240366107539,36.38884353637695
Cardiotocography,7,1,0.7368421052631579,0.6193796167873062,0.595521221081688,8.225563909774436,0.46114428376921707,1.9858257680907285,36.51964831352234
Cardiotocography,7,3,0.7368421052631579,0.6206520558479769,0.5945003253947884,8.225563909774436,0.46114428376921707,1.9858257680907285,36.51964831352234
Cardiotocography,7,5,0.7349624060150376,0.6155990900670981,0.5899087746580812,8.225563909774436,0.46114428376921707,1.9858257680907285,36.51964831352234
Cardiotocography,7,7,0.7274436090225563,0.5919559113684094,0.5721752616016632,8.225563909774436,0.46114428376921707,1.9858257680907285,36.51964831352234
Cardiotocography,8,1,0.7612781954887218,0.7136396436319834,0.6839837320434834,8.308270676691729,0.45817216307404,1.9771907038258432,36.43677568435669
Cardiotocography,8,3,0.7744360902255639,0.7109233488233,0.6770074446604211,8.308270676691729,0.45817216307404,1.9771907038258432,36.43677568435669
Cardiotocography,8,5,0.7894736842105263,0.7182361070194277,0.6807647708307984,8.308270676691729,0.45817216307404,1.9771907038258432,36.43677568435669
Cardiotocography,8,7,0.7800751879699248,0.703126909070952,0.6631778765820845,8.308270676691729,0.45817216307404,1.9771907038258432,36.43677568435669
Cardiotocography,9,1,0.7875939849624061,0.7311979555566468,0.6830677212268479,8.389097744360901,0.4598995964437412,1.9591379129796995,36.10510444641113
Cardiotocography,9,3,0.7800751879699248,0.7251742408342217,0.6786921144039519,8.389097744360901,0.4598995964437412,1.9591379129796995,36.10510444641113
Cardiotocography,9,5,0.7819548872180451,0.7160625378574277,0.6700118247580262,8.389097744360901,0.4598995964437412,1.9591379129796995,36.10510444641113
Cardiotocography,9,7,0.7725563909774437,0.7097331570094384,0.6601576284748877,8.389097744360901,0.4598995964437412,1.9591379129796995,36.10510444641113
Cardiotocography,10,1,0.7800751879699248,0.7007518225761361,0.6702890286251316,8.340225563909774,0.4617822946882764,1.970522287644838,36.43147301673889
Cardiotocography,10,3,0.7969924812030075,0.7358187395143869,0.6965409985424897,8.340225563909774,0.4617822946882764,1.970522287644838,36.43147301673889
Cardiotocography,10,5,0.7894736842105263,0.7149924155138525,0.6798071150756029,8.340225563909774,0.4617822946882764,1.970522287644838,36.43147301673889
Cardiotocography,10,7,0.7875939849624061,0.7045248308614485,0.6689107803034073,8.340225563909774,0.4617822946882764,1.970522287644838,36.43147301673889
Cardiotocography,11,1,0.7462406015037594,0.6697430861704483,0.6321777484132183,8.280075187969924,0.4554970615380071,2.005318487945356,37.04954242706299
Cardiotocography,11,3,0.7462406015037594,0.6550596450118509,0.6161142013468822,8.280075187969924,0.4554970615380071,2.005318487945356,37.04954242706299
Cardiotocography,11,5,0.7481203007518797,0.6543668362396431,0.618201981861387,8.280075187969924,0.4554970615380071,2.005318487945356,37.04954242706299
Cardiotocography,11,7,0.7575187969924813,0.653804145605504,0.6216176613515738,8.280075187969924,0.4554970615380071,2.005318487945356,37.04954242706299
Cardiotocography,12,1,0.75,0.6796283919799248,0.6450788773370857,8.330827067669173,0.4549269853583566,2.01558452351649,37.24821710586548
Cardiotocography,12,3,0.7669172932330827,0.6880287039632063,0.6500922968672944,8.330827067669173,0.4549269853583566,2.01558452351649,37.24821710586548
Cardiotocography,12,5,0.768796992481203,0.6848278419476447,0.6504454947266048,8.330827067669173,0.4549269853583566,2.01558452351649,37.24821710586548
Cardiotocography,12,7,0.768796992481203,0.6781927137842405,0.6466159154520734,8.330827067669173,0.4549269853583566,2.01558452351649,37.24821710586548
Cardiotocography,13,1,0.7706766917293233,0.670449868691297,0.6316175617390792,8.353383458646617,0.46100494763672945,1.963690784192623,36.41750168800354
Cardiotocography,13,3,0.7631578947368421,0.6561597970252331,0.6164599073118465,8.353383458646617,0.46100494763672945,1.963690784192623,36.41750168800354
Cardiotocography,13,5,0.7556390977443609,0.6545707491887234,0.614455206890564,8.353383458646617,0.46100494763672945,1.963690784192623,36.41750168800354
Cardiotocography,13,7,0.7593984962406015,0.6549465480636119,0.6156869188060994,8.353383458646617,0.46100494763672945,1.963690784192623,36.41750168800354
Cardiotocography,14,1,0.7706766917293233,0.6714348642660259,0.6451452489647264,8.313909774436091,0.45243126728020366,1.9686436648655654,36.28143572807312
Cardiotocography,14,3,0.7781954887218046,0.6632305340490461,0.6350262464565614,8.313909774436091,0.45243126728020366,1.9686436648655654,36.28143572807312
Cardiotocography,14,5,0.7819548872180451,0.6609206690985745,0.632386005494276,8.313909774436091,0.45243126728020366,1.9686436648655654,36.28143572807312
Cardiotocography,14,7,0.7800751879699248,0.6601775086820804,0.6325323473712844,8.313909774436091,0.45243126728020366,1.9686436648655654,36.28143572807312
Cardiotocography,15,1,0.7236842105263158,0.6581197952583787,0.6393758604885749,8.413533834586467,0.4506703140692484,1.9904234091142066,36.934861183166504
Cardiotocography,15,3,0.7593984962406015,0.6783981522518598,0.646485391121497,8.413533834586467,0.4506703140692484,1.9904234091142066,36.934861183166504
Cardiotocography,15,5,0.7575187969924813,0.6843121591729104,0.6564651431894295,8.413533834586467,0.4506703140692484,1.9904234091142066,36.934861183166504
Cardiotocography,15,7,0.7612781954887218,0.7029669057798713,0.6670085579843208,8.413533834586467,0.4506703140692484,1.9904234091142066,36.934861183166504
Cardiotocography,16,1,0.7443609022556391,0.6318279282868617,0.5990473891979213,8.306390977443609,0.46197091029538234,1.9669745241788994,36.35053515434265
Cardiotocography,16,3,0.7481203007518797,0.6126121746652243,0.5767192447815966,8.306390977443609,0.46197091029538234,1.9669745241788994,36.35053515434265
Cardiotocography,16,5,0.7556390977443609,0.6038397961040778,0.5761519370892889,8.306390977443609,0.46197091029538234,1.9669745241788994,36.35053515434265
Cardiotocography,16,7,0.7593984962406015,0.604682499360518,0.5773074079052293,8.306390977443609,0.46197091029538234,1.9669745241788994,36.35053515434265
Cardiotocography,17,1,0.7462406015037594,0.6421794468008818,0.6058655955418859,8.355263157894736,0.4608138676344921,1.9687479322117971,36.27341032028198
Cardiotocography,17,3,0.7669172932330827,0.666662600468047,0.625066367282801,8.355263157894736,0.4608138676344921,1.9687479322117971,36.27341032028198
Cardiotocography,17,5,0.7763157894736842,0.6749637475212387,0.6332264600347612,8.355263157894736,0.4608138676344921,1.9687479322117971,36.27341032028198
Cardiotocography,17,7,0.7781954887218046,0.6760118575249312,0.6356202503025647,8.355263157894736,0.4608138676344921,1.9687479322117971,36.27341032028198
Cardiotocography,18,1,0.7857142857142857,0.7020462463119133,0.6720465401716099,8.300751879699249,0.45782108362387985,1.9658023159306748,36.22466850280762
Cardiotocography,18,3,0.7781954887218046,0.7099687163715582,0.670145469140042,8.300751879699249,0.45782108362387985,1.9658023159306748,36.22466850280762
Cardiotocography,18,5,0.7838345864661654,0.6955391729234603,0.6617075950956408,8.300751879699249,0.45782108362387985,1.9658023159306748,36.22466850280762
Cardiotocography,18,7,0.7894736842105263,0.7012348089447155,0.6658622155714451,8.300751879699249,0.45782108362387985,1.9658023159306748,36.22466850280762
Cardiotocography,19,1,0.7443609022556391,0.6591108344212075,0.6215905504178952,8.30451127819549,0.4554119323472411,1.9670301980542062,36.36092400550842
Cardiotocography,19,3,0.7518796992481203,0.6641341770570016,0.6226210540584944,8.30451127819549,0.4554119323472411,1.9670301980542062,36.36092400550842
Cardiotocography,19,5,0.75,0.6768365530233763,0.6345152243841514,8.30451127819549,0.4554119323472411,1.9670301980542062,36.36092400550842
Cardiotocography,19,7,0.75,0.6651909983518816,0.6247781901666956,8.30451127819549,0.4554119323472411,1.9670301980542062,36.36092400550842
Faults,0,1,0.6748971193415638,0.680359052711994,0.6678157890961176,8.267489711934155,0.4449876799322064,1.6535114432558602,28.091989517211914
Faults,0,3,0.6872427983539094,0.6728516283058548,0.6609039480336324,8.267489711934155,0.4449876799322064,1.6535114432558602,28.091989517211914
Faults,0,5,0.6872427983539094,0.6832500925277204,0.6624968083392085,8.267489711934155,0.4449876799322064,1.6535114432558602,28.091989517211914
Faults,0,7,0.7037037037037037,0.690740082415139,0.6760329041296835,8.267489711934155,0.4449876799322064,1.6535114432558602,28.091989517211914
Faults,1,1,0.6975308641975309,0.700971756829894,0.7026663348705874,8.283950617283951,0.4412756695542654,1.7131648828953872,29.018719911575317
Faults,1,3,0.7037037037037037,0.704465931689991,0.7044721485061025,8.283950617283951,0.4412756695542654,1.7131648828953872,29.018719911575317
Faults,1,5,0.7098765432098766,0.7189886595756523,0.7260213554132683,8.283950617283951,0.4412756695542654,1.7131648828953872,29.018719911575317
Faults,1,7,0.7098765432098766,0.7166213554098174,0.723203660287881,8.283950617283951,0.4412756695542654,1.7131648828953872,29.018719911575317
Faults,2,1,0.7057613168724279,0.699016077240086,0.6826017068946876,8.304526748971194,0.4334564575987004,1.6549574431077934,28.164901733398438
Faults,2,3,0.7160493827160493,0.6980947289001204,0.6790781349686024,8.304526748971194,0.4334564575987004,1.6549574431077934,28.164901733398438
Faults,2,5,0.7345679012345679,0.7210747564526775,0.702465004509318,8.304526748971194,0.4334564575987004,1.6549574431077934,28.164901733398438
Faults,2,7,0.7222222222222222,0.6994976567826969,0.686499982264861,8.304526748971194,0.4334564575987004,1.6549574431077934,28.164901733398438
Faults,3,1,0.6748971193415638,0.6837532892925242,0.6728755381532944,8.308641975308642,0.4425041303413581,1.6466134737548515,27.942392349243164
Faults,3,3,0.6831275720164609,0.6997687817681799,0.6902664373472386,8.308641975308642,0.4425041303413581,1.6466134737548515,27.942392349243164
Faults,3,5,0.691358024691358,0.7093037002310866,0.695893048988857,8.308641975308642,0.4425041303413581,1.6466134737548515,27.942392349243164
Faults,3,7,0.7037037037037037,0.7214575097230785,0.6990965509984504,8.308641975308642,0.4425041303413581,1.6466134737548515,27.942392349243164
Faults,4,1,0.6666666666666666,0.6497265671141685,0.646329872153465,8.325102880658436,0.4382396096437341,1.6434845100214452,27.7364821434021
Faults,4,3,0.6954732510288066,0.6747971729156153,0.6677988130855453,8.325102880658436,0.4382396096437341,1.6434845100214452,27.7364821434021
Faults,4,5,0.7057613168724279,0.6926546164755141,0.6887072965797106,8.325102880658436,0.4382396096437341,1.6434845100214452,27.7364821434021
Faults,4,7,0.7160493827160493,0.7069904678250106,0.6935462566776974,8.325102880658436,0.4382396096437341,1.6434845100214452,27.7364821434021
Faults,5,1,0.6728395061728395,0.6447883130903628,0.6419046145389462,8.349794238683128,0.45281229118761834,1.6705248228316445,28.35724949836731
Faults,5,3,0.691358024691358,0.660017473907358,0.6525461214199809,8.349794238683128,0.45281229118761834,1.6705248228316445,28.35724949836731
Faults,5,5,0.6954732510288066,0.6688291509204756,0.6598721287459882,8.349794238683128,0.45281229118761834,1.6705248228316445,28.35724949836731
Faults,5,7,0.6975308641975309,0.6800377315187263,0.6708611397349993,8.349794238683128,0.45281229118761834,1.6705248228316445,28.35724949836731
Faults,6,1,0.7139917695473251,0.7060092487937845,0.6949928234366037,8.325102880658436,0.43885748183150747,1.6552912286279624,28.045012950897217
Faults,6,3,0.6934156378600823,0.6895212680812705,0.6813278738900853,8.325102880658436,0.43885748183150747,1.6552912286279624,28.045012950897217
Faults,6,5,0.7078189300411523,0.7048117601831646,0.6962672376489465,8.325102880658436,0.43885748183150747,1.6552912286279624,28.045012950897217
Faults,6,7,0.7119341563786008,0.7073149292912698,0.6918989383929853,8.325102880658436,0.43885748183150747,1.6552912286279624,28.045012950897217
Faults,7,1,0.6748971193415638,0.6705952393795306,0.6609107410473654,8.306584362139917,0.4435854079890744,1.6676180760065715,28.314750909805298
Faults,7,3,0.668724279835391,0.6778912231372444,0.6679499804742667,8.306584362139917,0.4435854079890744,1.6676180760065715,28.314750909805298
Faults,7,5,0.6831275720164609,0.6866519884208954,0.674898842097538,8.306584362139917,0.4435854079890744,1.6676180760065715,28.314750909805298
Faults,7,7,0.6810699588477366,0.6769019361390315,0.6630781797666716,8.306584362139917,0.4435854079890744,1.6676180760065715,28.314750909805298
Faults,8,1,0.6748971193415638,0.6848318970148998,0.6803226122377621,8.366255144032921,0.42712129057278553,1.649157180217068,28.110422372817993
Faults,8,3,0.7098765432098766,0.7210319545214849,0.7164966925816049,8.366255144032921,0.42712129057278553,1.649157180217068,28.110422372817993
Faults,8,5,0.6934156378600823,0.7063846228058218,0.703529715410515,8.366255144032921,0.42712129057278553,1.649157180217068,28.110422372817993
Faults,8,7,0.6934156378600823,0.7001107032529345,0.6996016810178957,8.366255144032921,0.42712129057278553,1.649157180217068,28.110422372817993
Faults,9,1,0.6975308641975309,0.6830864048961535,0.6524223146821729,8.368312757201647,0.44350981496069763,1.6920499119738983,28.73529863357544
Faults,9,3,0.6831275720164609,0.6587508832400699,0.6367139549620082,8.368312757201647,0.44350981496069763,1.6920499119738983,28.73529863357544
Faults,9,5,0.6934156378600823,0.682925498555458,0.6522224373402545,8.368312757201647,0.44350981496069763,1.6920499119738983,28.73529863357544
Faults,9,7,0.6975308641975309,0.6945833949807937,0.6690053339308434,8.368312757201647,0.44350981496069763,1.6920499119738983,28.73529863357544
Faults,10,1,0.676954732510288,0.6736170667941028,0.6559402583822825,8.283950617283951,0.43938933503139194,1.6478981530224834,27.88301968574524
Faults,10,3,0.6975308641975309,0.684892383576266,0.6783447682279226,8.283950617283951,0.43938933503139194,1.6478981530224834,27.88301968574524
Faults,10,5,0.6831275720164609,0.6676649289958391,0.6638600275358674,8.283950617283951,0.43938933503139194,1.6478981530224834,27.88301968574524
Faults,10,7,0.691358024691358,0.683995534137612,0.6778685277915891,8.283950617283951,0.43938933503139194,1.6478981530224834,27.88301968574524
Faults,11,1,0.6810699588477366,0.6485700111461299,0.6384461960005582,8.378600823045268,0.43418576284642285,1.6665035221311781,28.356765270233154
Faults,11,3,0.6831275720164609,0.6383268215548334,0.6237879007465327,8.378600823045268,0.43418576284642285,1.6665035221311781,28.356765270233154
Faults,11,5,0.6831275720164609,0.6561196945045472,0.6430986453485171,8.378600823045268,0.43418576284642285,1.6665035221311781,28.356765270233154
Faults,11,7,0.6934156378600823,0.6540440431030718,0.6433859944553636,8.378600823045268,0.43418576284642285,1.6665035221311781,28.356765270233154
Faults,12,1,0.7263374485596708,0.7428467832507447,0.7455747506884489,8.401234567901234,0.4385737649214889,1.6483045384717085,28.01848340034485
Faults,12,3,0.7222222222222222,0.7409381111216463,0.7406150144358719,8.401234567901234,0.4385737649214889,1.6483045384717085,28.01848340034485
Faults,12,5,0.7098765432098766,0.7324016102169125,0.7241150497733023,8.401234567901234,0.4385737649214889,1.6483045384717085,28.01848340034485
Faults,12,7,0.7263374485596708,0.7478998561201219,0.7424937684566669,8.401234567901234,0.4385737649214889,1.6483045384717085,28.01848340034485
Faults,13,1,0.6563786008230452,0.6373470038135467,0.6138225116437498,8.267489711934155,0.4427925210455459,1.6552497202476846,28.102596521377563
Faults,13,3,0.668724279835391,0.6697545040880849,0.6562696240642057,8.267489711934155,0.4427925210455459,1.6552497202476846,28.102596521377563
Faults,13,5,0.6851851851851852,0.7021742328353044,0.6766408379370205,8.267489711934155,0.4427925210455459,1.6552497202476846,28.102596521377563
Faults,13,7,0.6934156378600823,0.7134736817284539,0.6857396451127509,8.267489711934155,0.4427925210455459,1.6552497202476846,28.102596521377563
Faults,14,1,0.6707818930041153,0.6759129761091976,0.6651926135261929,8.335390946502057,0.43150807174436173,1.687798008997254,28.734920024871826
Faults,14,3,0.6872427983539094,0.6832785827132561,0.6745251860135208,8.335390946502057,0.43150807174436173,1.687798008997254,28.734920024871826
Faults,14,5,0.6810699588477366,0.6710488368232713,0.659565884456888,8.335390946502057,0.43150807174436173,1.687798008997254,28.734920024871826
Faults,14,7,0.676954732510288,0.6656159498535673,0.6539937307944054,8.335390946502057,0.43150807174436173,1.687798008997254,28.734920024871826
Faults,15,1,0.691358024691358,0.679204437686117,0.6701843185767676,8.345679012345679,0.4368223975471352,1.6884322264557512,28.671321868896484
Faults,15,3,0.6934156378600823,0.6707691949457136,0.6615838970384178,8.345679012345679,0.4368223975471352,1.6884322264557512,28.671321868896484
Faults,15,5,0.691358024691358,0.6736945552703765,0.6655261722068148,8.345679012345679,0.4368223975471352,1.6884322264557512,28.671321868896484
Faults,15,7,0.7037037037037037,0.684086508122773,0.6756488942449198,8.345679012345679,0.4368223975471352,1.6884322264557512,28.671321868896484
Faults,16,1,0.6810699588477366,0.7045761613688091,0.6886420898157922,8.310699588477366,0.43686031116397445,1.6923895205980466,28.61506986618042
Faults,16,3,0.691358024691358,0.7074456404677117,0.7008637226221975,8.310699588477366,0.43686031116397445,1.6923895205980466,28.61506986618042
Faults,16,5,0.6872427983539094,0.6993871703027937,0.6923561792668994,8.310699588477366,0.43686031116397445,1.6923895205980466,28.61506986618042
Faults,16,7,0.6831275720164609,0.6950383405256452,0.6862861037470903,8.310699588477366,0.43686031116397445,1.6923895205980466,28.61506986618042
Faults,17,1,0.691358024691358,0.6904291409788421,0.6767499934952179,8.349794238683128,0.4400352776235694,1.6578446194958785,28.30092453956604
Faults,17,3,0.6975308641975309,0.6943397716957268,0.6821580722125898,8.349794238683128,0.4400352776235694,1.6578446194958785,28.30092453956604
Faults,17,5,0.6934156378600823,0.6904109397136536,0.6764682239826791,8.349794238683128,0.4400352776235694,1.6578446194958785,28.30092453956604
Faults,17,7,0.691358024691358,0.6887107620551747,0.678746442083441,8.349794238683128,0.4400352776235694,1.6578446194958785,28.30092453956604
Faults,18,1,0.6851851851851852,0.6989058402053502,0.6752494277926767,8.48559670781893,0.423033845502994,1.6776128192987951,28.46716594696045
Faults,18,3,0.6934156378600823,0.7240105549454517,0.7042901699903116,8.48559670781893,0.423033845502994,1.6776128192987951,28.46716594696045
Faults,18,5,0.6934156378600823,0.7168842149535445,0.699910711545735,8.48559670781893,0.423033845502994,1.6776128192987951,28.46716594696045
Faults,18,7,0.6934156378600823,0.7184504932992235,0.7019982946937888,8.48559670781893,0.423033845502994,1.6776128192987951,28.46716594696045
Faults,19,1,0.6646090534979424,0.6467215631568168,0.6347391367908334,8.316872427983538,0.44323364088605066,1.7674781559916681,29.895142793655396
Faults,19,3,0.6790123456790124,0.655351791105015,0.6507535012001727,8.316872427983538,0.44323364088605066,1.7674781559916681,29.895142793655396
Faults,19,5,0.676954732510288,0.6545574959088798,0.6486833578427451,8.316872427983538,0.44323364088605066,1.7674781559916681,29.895142793655396
Faults,19,7,0.6872427983539094,0.6625660245930783,0.6551119792314595,8.316872427983538,0.44323364088605066,1.7674781559916681,29.895142793655396
German,0,1,0.72,0.6464932126696833,0.64,8.24,0.3687622721543139,1.0123632698059082,9.502161979675293
German,0,3,0.74,0.6702181633688482,0.6619047619047619,8.24,0.3687622721543139,1.0123632698059082,9.502161979675293
German,0,5,0.732,0.6534889013012267,0.6447619047619048,8.24,0.3687622721543139,1.0123632698059082,9.502161979675293
German,0,7,0.724,0.635853159105782,0.6276190476190476,8.24,0.3687622721543139,1.0123632698059082,9.502161979675293
German,1,1,0.72,0.6361746361746362,0.6285714285714286,8.356,0.35856810697609115,0.9964383583068848,9.395807981491089
German,1,3,0.736,0.6603260869565217,0.6514285714285715,8.356,0.35856810697609115,0.9964383583068848,9.395807981491089
German,1,5,0.74,0.6569631208967512,0.6466666666666667,8.356,0.35856810697609115,0.9964383583068848,9.395807981491089
German,1,7,0.744,0.6530488333767022,0.6419047619047619,8.356,0.35856810697609115,0.9964383583068848,9.395807981491089
German,2,1,0.72,0.6527777777777778,0.6476190476190476,8.428,0.36482017080028556,0.9890644369125366,9.348785638809204
German,2,3,0.712,0.6459202140215595,0.641904761904762,8.428,0.36482017080028556,0.9890644369125366,9.348785638809204
German,2,5,0.724,0.649923896499239,0.6428571428571429,8.428,0.36482017080028556,0.9890644369125366,9.348785638809204
German,2,7,0.712,0.6363930187459599,0.6304761904761905,8.428,0.36482017080028556,0.9890644369125366,9.348785638809204
German,3,1,0.78,0.71555059062041,0.7019047619047619,8.384,0.36349217377360754,1.017097038269043,9.617193937301636
German,3,3,0.776,0.70291146761735,0.6876190476190476,8.384,0.36349217377360754,1.017097038269043,9.617193937301636
German,3,5,0.768,0.6954805107526882,0.6819047619047619,8.384,0.36349217377360754,1.017097038269043,9.617193937301636
German,3,7,0.768,0.6923011628893982,0.6780952380952381,8.384,0.36349217377360754,1.017097038269043,9.617193937301636
German,4,1,0.752,0.6638910573336803,0.6514285714285715,8.28,0.37592535174847286,0.9713370790481567,9.07813811302185
German,4,3,0.764,0.6708397491687309,0.6561904761904762,8.28,0.37592535174847286,0.9713370790481567,9.07813811302185
German,4,5,0.78,0.6894409937888198,0.6714285714285715,8.28,0.37592535174847286,0.9713370790481567,9.07813811302185
German,4,7,0.788,0.7007340485601354,0.680952380952381,8.28,0.37592535174847286,0.9713370790481567,9.07813811302185
German,5,1,0.724,0.635853159105782,0.6276190476190476,8.372,0.3586717650458965,1.012260217666626,9.50759506225586
German,5,3,0.72,0.620522161505768,0.6133333333333333,8.372,0.3586717650458965,1.012260217666626,9.50759506225586
German,5,5,0.724,0.6280002587824287,0.62,8.372,0.3586717650458965,1.012260217666626,9.50759506225586
German,5,7,0.728,0.6353809196980096,0.6266666666666667,8.372,0.3586717650458965,1.012260217666626,9.50759506225586
German,6,1,0.72,0.620522161505768,0.6133333333333333,8.304,0.36567726881247137,1.0262590589523315,9.61342740058899
German,6,3,0.764,0.6819132647559898,0.6676190476190477,8.304,0.36567726881247137,1.0262590589523315,9.61342740058899
German,6,5,0.764,0.6819132647559898,0.6676190476190477,8.304,0.36567726881247137,1.0262590589523315,9.61342740058899
German,6,7,0.76,0.6710526315789473,0.6571428571428571,8.304,0.36567726881247137,1.0262590589523315,9.61342740058899
German,7,1,0.704,0.6191534914361001,0.6133333333333333,8.36,0.35633017507735354,1.0010019235610963,9.403019905090332
German,7,3,0.74,0.66046093733676,0.6504761904761905,8.36,0.35633017507735354,1.0010019235610963,9.403019905090332
German,7,5,0.744,0.6604702487055428,0.6495238095238095,8.36,0.35633017507735354,1.0010019235610963,9.403019905090332
German,7,7,0.744,0.6673596673596673,0.6571428571428571,8.36,0.35633017507735354,1.0010019235610963,9.403019905090332
German,8,1,0.736,0.6857142857142857,0.6857142857142857,8.272,0.34449301392087267,1.0723600997924805,9.933470726013184
German,8,3,0.78,0.7259809880627355,0.7171428571428572,8.272,0.34449301392087267,1.0723600997924805,9.933470726013184
German,8,5,0.776,0.7171945701357466,0.7066666666666667,8.272,0.34449301392087267,1.0723600997924805,9.933470726013184
German,8,7,0.756,0.6933502242062295,0.6847619047619048,8.272,0.34449301392087267,1.0723600997924805,9.933470726013184
German,9,1,0.768,0.7014986824769434,0.6895238095238095,8.26,0.37608603112249034,1.0447793464660644,9.724327802658081
German,9,3,0.784,0.7164818548387097,0.700952380952381,8.26,0.37608603112249034,1.0447793464660644,9.724327802658081
German,9,5,0.776,0.6997254632807137,0.6838095238095238,8.26,0.37608603112249034,1.0447793464660644,9.724327802658081
German,9,7,0.772,0.7022503604337742,0.6885714285714286,8.26,0.37608603112249034,1.0447793464660644,9.724327802658081
German,10,1,0.74,0.6569631208967512,0.6466666666666667,8.24,0.3626035039413164,0.9607629289627075,8.910553693771362
German,10,3,0.724,0.6280002587824287,0.62,8.24,0.3626035039413164,0.9607629289627075,8.910553693771362
German,10,5,0.732,0.6305608857716315,0.621904761904762,8.24,0.3626035039413164,0.9607629289627075,8.910553693771362
German,10,7,0.736,0.6339515484958737,0.6247619047619047,8.24,0.3626035039413164,0.9607629289627075,8.910553693771362
German,11,1,0.692,0.612917496129175,0.6085714285714285,8.376,0.3495062271283301,1.001163034439087,9.521386861801147
German,11,3,0.696,0.6009744623655914,0.5961904761904762,8.376,0.3495062271283301,1.001163034439087,9.521386861801147
German,11,5,0.7,0.6082241584654924,0.6028571428571429,8.376,0.3495062271283301,1.001163034439087,9.521386861801147
German,11,7,0.716,0.6252981782102974,0.6180952380952381,8.376,0.3495062271283301,1.001163034439087,9.521386861801147
German,12,1,0.74,0.6670832394337343,0.6580952380952381,8.348,0.36555938881943517,1.0869812574386597,10.206260442733765
German,12,3,0.748,0.6639999999999999,0.6523809523809524,8.348,0.36555938881943517,1.0869812574386597,10.206260442733765
German,12,5,0.752,0.6638910573336803,0.6514285714285715,8.348,0.36555938881943517,1.0869812574386597,10.206260442733765
German,12,7,0.756,0.6596817745642811,0.6466666666666667,8.348,0.36555938881943517,1.0869812574386597,10.206260442733765
German,13,1,0.752,0.6710805534334946,0.6590476190476191,8.376,0.3693809064576227,1.0142900390625,9.543824195861816
German,13,3,0.724,0.6238470093111494,0.6161904761904762,8.376,0.3693809064576227,1.0142900390625,9.543824195861816
German,13,5,0.748,0.6565559650232233,0.6447619047619048,8.376,0.3693809064576227,1.0142900390625,9.543824195861816
German,13,7,0.74,0.6373658253553816,0.6276190476190476,8.376,0.3693809064576227,1.0142900390625,9.543824195861816
German,14,1,0.736,0.6666936005171299,0.6590476190476191,8.276,0.35504499520565574,0.9936850996017456,9.403888702392578
German,14,3,0.728,0.6429771505376345,0.6342857142857143,8.276,0.35504499520565574,0.9936850996017456,9.403888702392578
German,14,5,0.748,0.6709082931110136,0.66,8.276,0.35504499520565574,0.9936850996017456,9.403888702392578
German,14,7,0.756,0.6780730826877204,0.6657142857142857,8.276,0.35504499520565574,0.9936850996017456,9.403888702392578
German,15,1,0.76,0.6881496881496881,0.6761904761904762,8.196,0.3670197200374345,0.9914818506240844,9.279065608978271
German,15,3,0.776,0.6997254632807137,0.6838095238095238,8.196,0.3670197200374345,0.9914818506240844,9.279065608978271
German,15,5,0.784,0.7039473684210527,0.6857142857142857,8.196,0.3670197200374345,0.9914818506240844,9.279065608978271
German,15,7,0.772,0.6892649207352973,0.6733333333333333,8.196,0.3670197200374345,0.9914818506240844,9.279065608978271
German,16,1,0.756,0.6933502242062295,0.6847619047619048,8.372,0.3738752909213832,1.0069874391555786,9.395812749862671
German,16,3,0.776,0.7171945701357466,0.7066666666666667,8.372,0.3738752909213832,1.0069874391555786,9.395812749862671
German,16,5,0.788,0.7311009639776763,0.719047619047619,8.372,0.3738752909213832,1.0069874391555786,9.395812749862671
German,16,7,0.788,0.7258942055069406,0.7114285714285714,8.372,0.3738752909213832,1.0069874391555786,9.395812749862671
German,17,1,0.712,0.6428571428571429,0.638095238095238,8.244,0.36869159700138526,1.0041386013031006,9.481175184249878
German,17,3,0.736,0.6697093442229162,0.6628571428571428,8.244,0.36869159700138526,1.0041386013031006,9.481175184249878
German,17,5,0.744,0.6737623358616752,0.6647619047619048,8.244,0.36869159700138526,1.0041386013031006,9.481175184249878
German,17,7,0.744,0.6673596673596673,0.6571428571428571,8.244,0.36869159700138526,1.0041386013031006,9.481175184249878
German,18,1,0.728,0.6683832709113608,0.6647619047619048,8.268,0.36078138878109417,0.9887157363891601,9.37926697731018
German,18,3,0.736,0.6697093442229162,0.6628571428571428,8.268,0.36078138878109417,0.9887157363891601,9.37926697731018
German,18,5,0.752,0.6924603174603174,0.6857142857142857,8.268,0.36078138878109417,0.9887157363891601,9.37926697731018
German,18,7,0.76,0.6997357674753784,0.6914285714285715,8.268,0.36078138878109417,0.9887157363891601,9.37926697731018
German,19,1,0.736,0.6603260869565217,0.6514285714285715,8.264,0.3637206468993194,0.9830851316452026,9.199523448944092
German,19,3,0.752,0.6744791666666667,0.6628571428571428,8.264,0.3637206468993194,0.9830851316452026,9.199523448944092
German,19,5,0.748,0.6639999999999999,0.6523809523809524,8.264,0.3637206468993194,0.9830851316452026,9.199523448944092
German,19,7,0.756,0.6780730826877204,0.6657142857142857,8.264,0.3637206468993194,0.9830851316452026,9.199523448944092
Glass,0,1,0.5925925925925926,0.5293127351950881,0.5029239766081871,8.555555555555555,0.4223633772693486,1.5732963350084093,5.059232234954834
Glass,0,3,0.6851851851851852,0.46428571428571425,0.47368421052631576,8.555555555555555,0.4223633772693486,1.5732963350084093,5.059232234954834
Glass,0,5,0.6666666666666666,0.46151439299123903,0.4644249512670566,8.555555555555555,0.4223633772693486,1.5732963350084093,5.059232234954834
Glass,0,7,0.7037037037037037,0.5235922653159316,0.5297270955165692,8.555555555555555,0.4223633772693486,1.5732963350084093,5.059232234954834
Glass,1,1,0.6481481481481481,0.47964943553178846,0.47185672514619886,8.12962962962963,0.4316959176376506,1.5894993676079645,5.383768320083618
Glass,1,3,0.6111111111111112,0.4682877406281662,0.4533382066276803,8.12962962962963,0.4316959176376506,1.5894993676079645,5.383768320083618
Glass,1,5,0.6481481481481481,0.48347042694868786,0.47185672514619886,8.12962962962963,0.4316959176376506,1.5894993676079645,5.383768320083618
Glass,1,7,0.6296296296296297,0.4687562562562562,0.46308479532163743,8.12962962962963,0.4316959176376506,1.5894993676079645,5.383768320083618
Glass,2,1,0.5740740740740741,0.4608594657375145,0.4432261208576998,8.518518518518519,0.4553630948972981,1.7824916530538488,5.873766660690308
Glass,2,3,0.5555555555555556,0.4087662337662337,0.3876705653021442,8.518518518518519,0.4553630948972981,1.7824916530538488,5.873766660690308
Glass,2,5,0.5555555555555556,0.3239175647570429,0.34137426900584794,8.518518518518519,0.4553630948972981,1.7824916530538488,5.873766660690308
Glass,2,7,0.5555555555555556,0.33132720937598986,0.34137426900584794,8.518518518518519,0.4553630948972981,1.7824916530538488,5.873766660690308
Glass,3,1,0.5370370370370371,0.4860554686991076,0.5405701754385964,8.37037037037037,0.429975907348401,1.3245400764324047,4.327817916870117
Glass,3,3,0.6296296296296297,0.4867690058479532,0.5386208576998051,8.37037037037037,0.429975907348401,1.3245400764324047,4.327817916870117
Glass,3,5,0.6296296296296297,0.48090060157567516,0.5386208576998051,8.37037037037037,0.429975907348401,1.3245400764324047,4.327817916870117
Glass,3,7,0.6481481481481481,0.49555190744215133,0.5473927875243665,8.37037037037037,0.429975907348401,1.3245400764324047,4.327817916870117
Glass,4,1,0.6481481481481481,0.5083052205720785,0.5201023391812866,8.222222222222221,0.4321646497659955,1.3942393947530676,4.74890923500061
Glass,4,3,0.6851851851851852,0.5511437908496731,0.5376461988304094,8.222222222222221,0.4321646497659955,1.3942393947530676,4.74890923500061
Glass,4,5,0.7037037037037037,0.5810185185185185,0.592714424951267,8.222222222222221,0.4321646497659955,1.3942393947530676,4.74890923500061
Glass,4,7,0.7407407407407407,0.6166827541827542,0.6107456140350876,8.222222222222221,0.4321646497659955,1.3942393947530676,4.74890923500061
Glass,5,1,0.6666666666666666,0.5547633194692018,0.5269249512670565,8.592592592592593,0.4471923094064977,1.3674200993997079,4.658203840255737
Glass,5,3,0.6666666666666666,0.5560101233475846,0.5274122807017544,8.592592592592593,0.4471923094064977,1.3674200993997079,4.658203840255737
Glass,5,5,0.6481481481481481,0.5470775152717696,0.5181530214424951,8.592592592592593,0.4471923094064977,1.3674200993997079,4.658203840255737
Glass,5,7,0.6481481481481481,0.5470775152717696,0.5181530214424951,8.592592592592593,0.4471923094064977,1.3674200993997079,4.658203840255737
Glass,6,1,0.6481481481481481,0.5900335098477513,0.652046783625731,8.333333333333334,0.39740730556215104,1.4441930364679407,4.9483253955841064
Glass,6,3,0.6296296296296297,0.5954592363261094,0.6432748538011696,8.333333333333334,0.39740730556215104,1.4441930364679407,4.9483253955841064
Glass,6,5,0.6666666666666666,0.589416351335856,0.6613060428849903,8.333333333333334,0.39740730556215104,1.4441930364679407,4.9483253955841064
Glass,6,7,0.6666666666666666,0.6104011048863991,0.662280701754386,8.333333333333334,0.39740730556215104,1.4441930364679407,4.9483253955841064
Glass,7,1,0.6481481481481481,0.48725490196078436,0.49134990253411304,8.11111111111111,0.4445133691611767,1.6552303146432947,5.55243706703186
Glass,7,3,0.6481481481481481,0.4931910569105691,0.49134990253411304,8.11111111111111,0.4445133691611767,1.6552303146432947,5.55243706703186
Glass,7,5,0.6481481481481481,0.4931910569105691,0.49134990253411304,8.11111111111111,0.4445133691611767,1.6552303146432947,5.55243706703186
Glass,7,7,0.6296296296296297,0.4849053724053724,0.4825779727095516,8.11111111111111,0.4445133691611767,1.6552303146432947,5.55243706703186
Glass,8,1,0.6296296296296297,0.4443913066581646,0.46454678362573104,8.24074074074074,0.4038815834439649,1.6122919806727656,5.482246398925781
Glass,8,3,0.6666666666666666,0.5784313725490197,0.6034356725146198,8.24074074074074,0.4038815834439649,1.6122919806727656,5.482246398925781
Glass,8,5,0.6666666666666666,0.5784313725490197,0.6034356725146198,8.24074074074074,0.4038815834439649,1.6122919806727656,5.482246398925781
Glass,8,7,0.6481481481481481,0.5688297870240415,0.5946637426900585,8.24074074074074,0.4038815834439649,1.6122919806727656,5.482246398925781
Glass,9,1,0.6851851851851852,0.5762394388649769,0.5492202729044834,8.092592592592593,0.44084335912268213,1.3665090048754658,4.650458335876465
Glass,9,3,0.7222222222222222,0.5929165287127983,0.5667641325536062,8.092592592592593,0.44084335912268213,1.3665090048754658,4.650458335876465
Glass,9,5,0.7222222222222222,0.5318054176016873,0.5394736842105263,8.092592592592593,0.44084335912268213,1.3665090048754658,4.650458335876465
Glass,9,7,0.7222222222222222,0.48127262600946813,0.49317738791423,8.092592592592593,0.44084335912268213,1.3665090048754658,4.650458335876465
Glass,10,1,0.6481481481481481,0.6247863247863248,0.639985380116959,8.185185185185185,0.4261388251642697,1.6947806411319308,5.6299707889556885
Glass,10,3,0.6851851851851852,0.5972222222222223,0.6117202729044834,8.185185185185185,0.4261388251642697,1.6947806411319308,5.6299707889556885
Glass,10,5,0.6296296296296297,0.5207551594746717,0.5098684210526315,8.185185185185185,0.4261388251642697,1.6947806411319308,5.6299707889556885
Glass,10,7,0.6296296296296297,0.5208333333333334,0.5103557504873294,8.185185185185185,0.4261388251642697,1.6947806411319308,5.6299707889556885
Glass,11,1,0.5925925925925926,0.3878476972184222,0.4192251461988304,8.333333333333334,0.41937314869899517,1.648748071105392,5.653521537780762
Glass,11,3,0.6111111111111112,0.40516795865633076,0.4279970760233918,8.333333333333334,0.41937314869899517,1.648748071105392,5.653521537780762
Glass,11,5,0.6296296296296297,0.41444301444301446,0.4367690058479532,8.333333333333334,0.41937314869899517,1.648748071105392,5.653521537780762
Glass,11,7,0.6666666666666666,0.5422470571454939,0.5288742690058479,8.333333333333334,0.41937314869899517,1.648748071105392,5.653521537780762
Glass,12,1,0.7037037037037037,0.5840839178048481,0.5816276803118908,8.61111111111111,0.4358633231986111,1.3587948083877563,4.577788829803467
Glass,12,3,0.7222222222222222,0.5993626969236726,0.5899122807017544,8.61111111111111,0.4358633231986111,1.3587948083877563,4.577788829803467
Glass,12,5,0.6296296296296297,0.4053395588279309,0.4247076023391812,8.61111111111111,0.4358633231986111,1.3587948083877563,4.577788829803467
Glass,12,7,0.6481481481481481,0.5259744794628515,0.5080409356725145,8.61111111111111,0.4358633231986111,1.3587948083877563,4.577788829803467
Glass,13,1,0.6851851851851852,0.5994281045751634,0.6565545808966862,8.296296296296296,0.4496629050751474,1.3096569688231856,4.505478143692017
Glass,13,3,0.6111111111111112,0.5340024741340531,0.5751705653021443,8.296296296296296,0.4496629050751474,1.3096569688231856,4.505478143692017
Glass,13,5,0.6481481481481481,0.5390243902439025,0.5936890838206628,8.296296296296296,0.4496629050751474,1.3096569688231856,4.505478143692017
Glass,13,7,0.6851851851851852,0.5564137308039747,0.6117202729044834,8.296296296296296,0.4496629050751474,1.3096569688231856,4.505478143692017
Glass,14,1,0.6666666666666666,0.5823731075656621,0.5983187134502924,8.38888888888889,0.432849376191949,1.6390195687611897,5.513537645339966
Glass,14,3,0.6666666666666666,0.5575359412568716,0.5520224171539961,8.38888888888889,0.432849376191949,1.6390195687611897,5.513537645339966
Glass,14,5,0.6111111111111112,0.5394407394407396,0.525219298245614,8.38888888888889,0.432849376191949,1.6390195687611897,5.513537645339966
Glass,14,7,0.6111111111111112,0.4625085440874915,0.4506578947368421,8.38888888888889,0.432849376191949,1.6390195687611897,5.513537645339966
Glass,15,1,0.5925925925925926,0.4776270456503015,0.479775828460039,8.314814814814815,0.45274468647783955,1.5485196555102314,5.073483467102051
Glass,15,3,0.6296296296296297,0.40841178148623597,0.4237329434697856,8.314814814814815,0.45274468647783955,1.5485196555102314,5.073483467102051
Glass,15,5,0.5925925925925926,0.43623618928496977,0.45248538011695905,8.314814814814815,0.45274468647783955,1.5485196555102314,5.073483467102051
Glass,15,7,0.6111111111111112,0.41150793650793654,0.41496101364522414,8.314814814814815,0.45274468647783955,1.5485196555102314,5.073483467102051
Glass,16,1,0.5740740740740741,0.4417108663130695,0.4251949317738792,8.166666666666666,0.4206960618004944,1.6263382037480671,5.493573188781738
Glass,16,3,0.5740740740740741,0.4358674463937621,0.42568226120857694,8.166666666666666,0.4206960618004944,1.6263382037480671,5.493573188781738
Glass,16,5,0.6296296296296297,0.5137902896776826,0.5265594541910331,8.166666666666666,0.4206960618004944,1.6263382037480671,5.493573188781738
Glass,16,7,0.6296296296296297,0.5110912343470483,0.5265594541910331,8.166666666666666,0.4206960618004944,1.6263382037480671,5.493573188781738
Glass,17,1,0.6851851851851852,0.5386174922954768,0.5338693957115009,8.24074074074074,0.42356628767888654,1.5616195113570601,5.1825292110443115
Glass,17,3,0.6481481481481481,0.45883407126291376,0.482943469785575,8.24074074074074,0.42356628767888654,1.5616195113570601,5.1825292110443115
Glass,17,5,0.6481481481481481,0.46000284171639666,0.4834307992202729,8.24074074074074,0.42356628767888654,1.5616195113570601,5.1825292110443115
Glass,17,7,0.6666666666666666,0.468954248366013,0.4926900584795322,8.24074074074074,0.42356628767888654,1.5616195113570601,5.1825292110443115
Glass,18,1,0.5925925925925926,0.5274413388543823,0.4908625730994152,8.425925925925926,0.4243874706151653,1.304078393512302,4.360217094421387
Glass,18,3,0.6111111111111112,0.54377990430622,0.5001218323586745,8.425925925925926,0.4243874706151653,1.304078393512302,4.360217094421387
Glass,18,5,0.6296296296296297,0.5512012012012012,0.5088937621832358,8.425925925925926,0.4243874706151653,1.304078393512302,4.360217094421387
Glass,18,7,0.6296296296296297,0.5512882447665056,0.5088937621832358,8.425925925925926,0.4243874706151653,1.304078393512302,4.360217094421387
Glass,19,1,0.6296296296296297,0.558052789631737,0.5571393762183235,8.277777777777779,0.3998025895577808,1.631703672585664,5.409080505371094
Glass,19,3,0.6851851851851852,0.59673754429852,0.6122076023391813,8.277777777777779,0.3998025895577808,1.631703672585664,5.409080505371094
Glass,19,5,0.6666666666666666,0.56593567251462,0.6034356725146198,8.277777777777779,0.3998025895577808,1.631703672585664,5.409080505371094
Glass,19,7,0.6851851851851852,0.5837606837606838,0.6122076023391813,8.277777777777779,0.3998025895577808,1.631703672585664,5.409080505371094
Haberman,0,1,0.6883116883116883,0.5266393442622951,0.5327380952380952,8.233766233766234,0.5873040999676715,1.0747664005725415,4.049724578857422
Haberman,0,3,0.7012987012987013,0.5564738292011019,0.5565476190476191,8.233766233766234,0.5873040999676715,1.0747664005725415,4.049724578857422
Haberman,0,5,0.6883116883116883,0.5266393442622951,0.5327380952380952,8.233766233766234,0.5873040999676715,1.0747664005725415,4.049724578857422
Haberman,0,7,0.7012987012987013,0.5564738292011019,0.5565476190476191,8.233766233766234,0.5873040999676715,1.0747664005725415,4.049724578857422
Haberman,1,1,0.7012987012987013,0.511448275862069,0.5267857142857143,8.454545454545455,0.5804421160366012,1.0762411835905794,4.255218744277954
Haberman,1,3,0.7532467532467533,0.5463565891472868,0.5625,8.454545454545455,0.5804421160366012,1.0762411835905794,4.255218744277954
Haberman,1,5,0.7532467532467533,0.5463565891472868,0.5625,8.454545454545455,0.5804421160366012,1.0762411835905794,4.255218744277954
Haberman,1,7,0.7532467532467533,0.5463565891472868,0.5625,8.454545454545455,0.5804421160366012,1.0762411835905794,4.255218744277954
Haberman,2,1,0.7272727272727273,0.6509820850420893,0.6488095238095237,8.35064935064935,0.5731802290220159,1.1171162438083004,4.4769158363342285
Haberman,2,3,0.7532467532467533,0.6620466620466621,0.6517857142857143,8.35064935064935,0.5731802290220159,1.1171162438083004,4.4769158363342285
Haberman,2,5,0.7272727272727273,0.5950413223140496,0.5892857142857143,8.35064935064935,0.5731802290220159,1.1171162438083004,4.4769158363342285
Haberman,2,7,0.7402597402597403,0.6055327868852459,0.5982142857142857,8.35064935064935,0.5731802290220159,1.1171162438083004,4.4769158363342285
Haberman,3,1,0.6753246753246753,0.5966897129687827,0.5982142857142857,8.441558441558442,0.570088801577533,1.0534553032416802,4.077658176422119
Haberman,3,3,0.6753246753246753,0.5845024821929635,0.5833333333333333,8.441558441558442,0.570088801577533,1.0534553032416802,4.077658176422119
Haberman,3,5,0.6753246753246753,0.5845024821929635,0.5833333333333333,8.441558441558442,0.570088801577533,1.0534553032416802,4.077658176422119
Haberman,3,7,0.6493506493506493,0.5364548494983278,0.5357142857142857,8.441558441558442,0.570088801577533,1.0534553032416802,4.077658176422119
Haberman,4,1,0.7272727272727273,0.611764705882353,0.6041666666666666,8.454545454545455,0.5763220641954286,1.0686941673229267,4.087833881378174
Haberman,4,3,0.7272727272727273,0.611764705882353,0.6041666666666666,8.454545454545455,0.5763220641954286,1.0686941673229267,4.087833881378174
Haberman,4,5,0.7012987012987013,0.5747899159663865,0.5714285714285714,8.454545454545455,0.5763220641954286,1.0686941673229267,4.087833881378174
Haberman,4,7,0.7012987012987013,0.5564738292011019,0.5565476190476191,8.454545454545455,0.5763220641954286,1.0686941673229267,4.087833881378174
Haberman,5,1,0.7402597402597403,0.6225490196078431,0.6130952380952381,8.324675324675324,0.5892165038809718,1.0560440831370168,4.138917922973633
Haberman,5,3,0.7272727272727273,0.5759244689221086,0.5744047619047619,8.324675324675324,0.5892165038809718,1.0560440831370168,4.138917922973633
Haberman,5,5,0.7402597402597403,0.5860215053763441,0.5833333333333334,8.324675324675324,0.5892165038809718,1.0560440831370168,4.138917922973633
Haberman,5,7,0.7272727272727273,0.5759244689221086,0.5744047619047619,8.324675324675324,0.5892165038809718,1.0560440831370168,4.138917922973633
Haberman,6,1,0.7012987012987013,0.5747899159663865,0.5714285714285714,8.2987012987013,0.5898352443978448,1.0743945326123918,4.131836175918579
Haberman,6,3,0.7012987012987013,0.5747899159663865,0.5714285714285714,8.2987012987013,0.5898352443978448,1.0743945326123918,4.131836175918579
Haberman,6,5,0.7142857142857143,0.5848039215686275,0.5803571428571428,8.2987012987013,0.5898352443978448,1.0743945326123918,4.131836175918579
Haberman,6,7,0.7012987012987013,0.5747899159663865,0.5714285714285714,8.2987012987013,0.5898352443978448,1.0743945326123918,4.131836175918579
Haberman,7,1,0.7142857142857143,0.5446236559139785,0.5505952380952381,8.246753246753247,0.5991284268193567,1.0571573430841619,4.097046375274658
Haberman,7,3,0.7402597402597403,0.6055327868852459,0.5982142857142857,8.246753246753247,0.5991284268193567,1.0571573430841619,4.097046375274658
Haberman,7,5,0.7272727272727273,0.5759244689221086,0.5744047619047619,8.246753246753247,0.5991284268193567,1.0571573430841619,4.097046375274658
Haberman,7,7,0.7142857142857143,0.5446236559139785,0.5505952380952381,8.246753246753247,0.5991284268193567,1.0571573430841619,4.097046375274658
Haberman,8,1,0.6103896103896104,0.4934210526315789,0.49404761904761907,8.246753246753247,0.5907601741442915,1.0782552137003316,4.169365406036377
Haberman,8,3,0.6623376623376623,0.5458257713248639,0.5446428571428572,8.246753246753247,0.5907601741442915,1.0782552137003316,4.169365406036377
Haberman,8,5,0.6623376623376623,0.5458257713248639,0.5446428571428572,8.246753246753247,0.5907601741442915,1.0782552137003316,4.169365406036377
Haberman,8,7,0.6623376623376623,0.5458257713248639,0.5446428571428572,8.246753246753247,0.5907601741442915,1.0782552137003316,4.169365406036377
Haberman,9,1,0.7922077922077922,0.7298245614035088,0.7232142857142857,8.480519480519481,0.588004330070687,1.050359719759458,4.034430027008057
Haberman,9,3,0.7402597402597403,0.6225490196078431,0.6130952380952381,8.480519480519481,0.588004330070687,1.050359719759458,4.034430027008057
Haberman,9,5,0.7532467532467533,0.6163126147390506,0.6071428571428572,8.480519480519481,0.588004330070687,1.050359719759458,4.034430027008057
Haberman,9,7,0.7532467532467533,0.6163126147390506,0.6071428571428572,8.480519480519481,0.588004330070687,1.050359719759458,4.034430027008057
Haberman,10,1,0.7792207792207793,0.638896551724138,0.625,8.363636363636363,0.6089876518383113,1.0660690549132112,4.184869289398193
Haberman,10,3,0.7792207792207793,0.638896551724138,0.625,8.363636363636363,0.6089876518383113,1.0660690549132112,4.184869289398193
Haberman,10,5,0.7922077922077922,0.6688172043010753,0.6488095238095238,8.363636363636363,0.6089876518383113,1.0660690549132112,4.184869289398193
Haberman,10,7,0.7792207792207793,0.6182560513269175,0.6101190476190476,8.363636363636363,0.6089876518383113,1.0660690549132112,4.184869289398193
Haberman,11,1,0.7792207792207793,0.6857142857142857,0.6696428571428571,8.311688311688311,0.5859689133423296,1.115227609485775,4.233318328857422
Haberman,11,3,0.8051948051948052,0.6970889063729346,0.6726190476190477,8.311688311688311,0.5859689133423296,1.115227609485775,4.233318328857422
Haberman,11,5,0.8181818181818182,0.7238729508196722,0.6964285714285714,8.311688311688311,0.5859689133423296,1.115227609485775,4.233318328857422
Haberman,11,7,0.8181818181818182,0.7238729508196722,0.6964285714285714,8.311688311688311,0.5859689133423296,1.115227609485775,4.233318328857422
Haberman,12,1,0.7662337662337663,0.6274193548387097,0.6160714285714286,8.272727272727273,0.591081872640815,1.0725181814912077,4.157974720001221
Haberman,12,3,0.7662337662337663,0.6449795081967213,0.6309523809523809,8.272727272727273,0.591081872640815,1.0725181814912077,4.157974720001221
Haberman,12,5,0.7402597402597403,0.6225490196078431,0.6130952380952381,8.272727272727273,0.591081872640815,1.0725181814912077,4.157974720001221
Haberman,12,7,0.7272727272727273,0.5950413223140496,0.5892857142857143,8.272727272727273,0.591081872640815,1.0725181814912077,4.157974720001221
Haberman,13,1,0.7662337662337663,0.6602941176470588,0.6458333333333333,8.428571428571429,0.5997995657282155,1.0145988866880342,3.881013870239258
Haberman,13,3,0.7532467532467533,0.6163126147390506,0.6071428571428572,8.428571428571429,0.5997995657282155,1.0145988866880342,3.881013870239258
Haberman,13,5,0.7662337662337663,0.6449795081967213,0.6309523809523809,8.428571428571429,0.5997995657282155,1.0145988866880342,3.881013870239258
Haberman,13,7,0.7792207792207793,0.6567007605559927,0.6398809523809523,8.428571428571429,0.5997995657282155,1.0145988866880342,3.881013870239258
Haberman,14,1,0.8051948051948052,0.6970889063729346,0.6726190476190477,8.363636363636363,0.5965704298367277,1.055754008231225,4.082110404968262
Haberman,14,3,0.7922077922077922,0.6688172043010753,0.6488095238095238,8.363636363636363,0.5965704298367277,1.055754008231225,4.082110404968262
Haberman,14,5,0.8051948051948052,0.6813793103448276,0.6577380952380952,8.363636363636363,0.5965704298367277,1.055754008231225,4.082110404968262
Haberman,14,7,0.7922077922077922,0.6688172043010753,0.6488095238095238,8.363636363636363,0.5965704298367277,1.055754008231225,4.082110404968262
Haberman,15,1,0.7012987012987013,0.5908985908985909,0.5863095238095238,8.376623376623376,0.6000642725604854,1.0619749465546051,4.1719183921813965
Haberman,15,3,0.6883116883116883,0.5032258064516129,0.5178571428571429,8.376623376623376,0.6000642725604854,1.0619749465546051,4.1719183921813965
Haberman,15,5,0.6623376623376623,0.4618279569892473,0.4851190476190476,8.376623376623376,0.6000642725604854,1.0619749465546051,4.1719183921813965
Haberman,15,7,0.6753246753246753,0.46896551724137936,0.49404761904761907,8.376623376623376,0.6000642725604854,1.0619749465546051,4.1719183921813965
Haberman,16,1,0.7142857142857143,0.6285087719298246,0.625,8.402597402597403,0.5831457433294999,0.9958374686055369,3.8540172576904297
Haberman,16,3,0.7272727272727273,0.5950413223140496,0.5892857142857143,8.402597402597403,0.5831457433294999,0.9958374686055369,3.8540172576904297
Haberman,16,5,0.7402597402597403,0.6055327868852459,0.5982142857142857,8.402597402597403,0.5831457433294999,0.9958374686055369,3.8540172576904297
Haberman,16,7,0.7402597402597403,0.6055327868852459,0.5982142857142857,8.402597402597403,0.5831457433294999,0.9958374686055369,3.8540172576904297
Haberman,17,1,0.6493506493506493,0.5644248900062854,0.5654761904761905,8.376623376623376,0.575655271151276,1.0921433250625412,4.265941143035889
Haberman,17,3,0.7142857142857143,0.6012241054613936,0.5952380952380952,8.376623376623376,0.575655271151276,1.0921433250625412,4.265941143035889
Haberman,17,5,0.7272727272727273,0.6264726264726265,0.6190476190476191,8.376623376623376,0.575655271151276,1.0921433250625412,4.265941143035889
Haberman,17,7,0.7272727272727273,0.6264726264726265,0.6190476190476191,8.376623376623376,0.575655271151276,1.0921433250625412,4.265941143035889
Haberman,18,1,0.7012987012987013,0.5747899159663865,0.5714285714285714,8.35064935064935,0.6063399330508993,1.005516835621425,3.9321577548980713
Haberman,18,3,0.7142857142857143,0.5660860655737705,0.5654761904761905,8.35064935064935,0.6063399330508993,1.005516835621425,3.9321577548980713
Haberman,18,5,0.7402597402597403,0.6055327868852459,0.5982142857142857,8.35064935064935,0.6063399330508993,1.005516835621425,3.9321577548980713
Haberman,18,7,0.7142857142857143,0.5446236559139785,0.5505952380952381,8.35064935064935,0.6063399330508993,1.005516835621425,3.9321577548980713
Haberman,19,1,0.7792207792207793,0.638896551724138,0.625,8.207792207792208,0.6184835947719337,1.1295954097401013,4.274893045425415
Haberman,19,3,0.7532467532467533,0.573344998541849,0.5773809523809523,8.207792207792208,0.6184835947719337,1.1295954097401013,4.274893045425415
Haberman,19,5,0.7532467532467533,0.573344998541849,0.5773809523809523,8.207792207792208,0.6184835947719337,1.1295954097401013,4.274893045425415
Haberman,19,7,0.7402597402597403,0.5064102564102564,0.5386904761904762,8.207792207792208,0.6184835947719337,1.1295954097401013,4.274893045425415
Heart,0,1,0.7941176470588235,0.7912280701754386,0.7912280701754386,8.397058823529411,0.4138900759013011,1.0598828687387354,3.853825330734253
Heart,0,3,0.8088235294117647,0.806775956284153,0.8078947368421052,8.397058823529411,0.4138900759013011,1.0598828687387354,3.853825330734253
Heart,0,5,0.7794117647058824,0.7770491803278688,0.7780701754385966,8.397058823529411,0.4138900759013011,1.0598828687387354,3.853825330734253
Heart,0,7,0.7647058823529411,0.7614035087719297,0.7614035087719297,8.397058823529411,0.4138900759013011,1.0598828687387354,3.853825330734253
Heart,1,1,0.7941176470588235,0.7895667550839964,0.787719298245614,8.5,0.407747866711051,1.07260842183057,3.938190221786499
Heart,1,3,0.75,0.7473224043715847,0.7482456140350877,8.5,0.407747866711051,1.07260842183057,3.938190221786499
Heart,1,5,0.7352941176470589,0.7315789473684211,0.7315789473684211,8.5,0.407747866711051,1.07260842183057,3.938190221786499
Heart,1,7,0.7794117647058824,0.775478758529606,0.7745614035087719,8.5,0.407747866711051,1.07260842183057,3.938190221786499
Heart,2,1,0.8235294117647058,0.8196286472148542,0.8175438596491229,8.161764705882353,0.41597816620763917,1.0494792180902817,3.7588579654693604
Heart,2,3,0.8088235294117647,0.8036864312680435,0.8008771929824561,8.161764705882353,0.41597816620763917,1.0494792180902817,3.7588579654693604
Heart,2,5,0.7941176470588235,0.7875,0.7842105263157895,8.161764705882353,0.41597816620763917,1.0494792180902817,3.7588579654693604
Heart,2,7,0.7941176470588235,0.7875,0.7842105263157895,8.161764705882353,0.41597816620763917,1.0494792180902817,3.7588579654693604
Heart,3,1,0.8529411764705882,0.8464317976513098,0.8403508771929824,8.411764705882353,0.4024950802499824,0.9750523006214815,3.643324851989746
Heart,3,3,0.8970588235294118,0.8942926937597158,0.8903508771929824,8.411764705882353,0.4024950802499824,0.9750523006214815,3.643324851989746
Heart,3,5,0.8970588235294118,0.8931537598204264,0.8868421052631579,8.411764705882353,0.4024950802499824,0.9750523006214815,3.643324851989746
Heart,3,7,0.8970588235294118,0.8931537598204264,0.8868421052631579,8.411764705882353,0.4024950802499824,0.9750523006214815,3.643324851989746
Heart,4,1,0.8235294117647058,0.8196286472148542,0.8175438596491229,8.323529411764707,0.41070476452485305,1.0739415463279276,3.8220977783203125
Heart,4,3,0.8235294117647058,0.8210526315789474,0.8210526315789474,8.323529411764707,0.41070476452485305,1.0739415463279276,3.8220977783203125
Heart,4,5,0.8088235294117647,0.8054149240589918,0.8043859649122806,8.323529411764707,0.41070476452485305,1.0739415463279276,3.8220977783203125
Heart,4,7,0.8382352941176471,0.8353510895883778,0.8342105263157895,8.323529411764707,0.41070476452485305,1.0739415463279276,3.8220977783203125
Heart,5,1,0.8823529411764706,0.880701754385965,0.880701754385965,8.455882352941176,0.41762373779241346,1.0326452921418583,3.761765241622925
Heart,5,3,0.8823529411764706,0.8819444444444444,0.887719298245614,8.455882352941176,0.41762373779241346,1.0326452921418583,3.761765241622925
Heart,5,5,0.8529411764705882,0.85178727114211,0.8543859649122807,8.455882352941176,0.41762373779241346,1.0326452921418583,3.761765241622925
Heart,5,7,0.8529411764705882,0.85178727114211,0.8543859649122807,8.455882352941176,0.41762373779241346,1.0326452921418583,3.761765241622925
Heart,6,1,0.7647058823529411,0.7628596338273758,0.7649122807017544,8.529411764705882,0.40963500750728843,1.0677379685289718,3.847135543823242
Heart,6,3,0.75,0.7486410089149815,0.7517543859649123,8.529411764705882,0.40963500750728843,1.0677379685289718,3.847135543823242
Heart,6,5,0.75,0.7495124593716143,0.7552631578947369,8.529411764705882,0.40963500750728843,1.0677379685289718,3.847135543823242
Heart,6,7,0.75,0.7486410089149815,0.7517543859649123,8.529411764705882,0.40963500750728843,1.0677379685289718,3.847135543823242
Heart,7,1,0.8088235294117647,0.8077843009349859,0.8114035087719298,8.264705882352942,0.4136927091284373,1.0554380662301008,3.796464443206787
Heart,7,3,0.8382352941176471,0.8353510895883778,0.8342105263157895,8.264705882352942,0.4136927091284373,1.0554380662301008,3.796464443206787
Heart,7,5,0.8529411764705882,0.8508771929824561,0.8508771929824561,8.264705882352942,0.4136927091284373,1.0554380662301008,3.796464443206787
Heart,7,7,0.8676470588235294,0.8652872551177635,0.8640350877192983,8.264705882352942,0.4136927091284373,1.0554380662301008,3.796464443206787
Heart,8,1,0.8676470588235294,0.8652872551177635,0.8640350877192983,8.279411764705882,0.42396872222463655,1.043158117462607,3.7672624588012695
Heart,8,3,0.8382352941176471,0.8353510895883778,0.8342105263157895,8.279411764705882,0.42396872222463655,1.043158117462607,3.7672624588012695
Heart,8,5,0.8382352941176471,0.837355946944988,0.8412280701754387,8.279411764705882,0.42396872222463655,1.043158117462607,3.7672624588012695
Heart,8,7,0.8235294117647058,0.8221447253705318,0.8245614035087719,8.279411764705882,0.42396872222463655,1.043158117462607,3.7672624588012695
Heart,9,1,0.8823529411764706,0.8814298169136878,0.8842105263157896,8.279411764705882,0.4148320634572995,1.0650711585493648,3.890202760696411
Heart,9,3,0.8970588235294118,0.8964992389649924,0.9008771929824562,8.279411764705882,0.4148320634572995,1.0650711585493648,3.890202760696411
Heart,9,5,0.8970588235294118,0.8964992389649924,0.9008771929824562,8.279411764705882,0.4148320634572995,1.0650711585493648,3.890202760696411
Heart,9,7,0.9117647058823529,0.9110723626852659,0.9140350877192982,8.279411764705882,0.4148320634572995,1.0650711585493648,3.890202760696411
Heart,10,1,0.8676470588235294,0.8673889490790899,0.8745614035087719,8.352941176470589,0.4143087136964785,1.0168928889667286,3.74604868888855
Heart,10,3,0.8529411764705882,0.8528138528138528,0.8614035087719298,8.352941176470589,0.4143087136964785,1.0168928889667286,3.74604868888855
Heart,10,5,0.8970588235294118,0.8964992389649924,0.9008771929824562,8.352941176470589,0.4143087136964785,1.0168928889667286,3.74604868888855
Heart,10,7,0.8823529411764706,0.8819444444444444,0.887719298245614,8.352941176470589,0.4143087136964785,1.0168928889667286,3.74604868888855
Heart,11,1,0.8235294117647058,0.8178571428571428,0.8140350877192982,8.147058823529411,0.394561459365996,1.074080113102408,3.835768938064575
Heart,11,3,0.8235294117647058,0.8196286472148542,0.8175438596491229,8.147058823529411,0.394561459365996,1.074080113102408,3.835768938064575
Heart,11,5,0.7941176470588235,0.7912280701754386,0.7912280701754386,8.147058823529411,0.394561459365996,1.074080113102408,3.835768938064575
Heart,11,7,0.8529411764705882,0.8496905393457117,0.8473684210526315,8.147058823529411,0.394561459365996,1.074080113102408,3.835768938064575
Heart,12,1,0.8382352941176471,0.8320987654320988,0.8271929824561404,8.455882352941176,0.4298861154580113,1.0414740548414343,3.734224796295166
Heart,12,3,0.8676470588235294,0.8626262626262626,0.8570175438596491,8.455882352941176,0.4298861154580113,1.0414740548414343,3.734224796295166
Heart,12,5,0.8529411764705882,0.8482142857142857,0.843859649122807,8.455882352941176,0.4298861154580113,1.0414740548414343,3.734224796295166
Heart,12,7,0.8823529411764706,0.8785714285714286,0.8736842105263158,8.455882352941176,0.4298861154580113,1.0414740548414343,3.734224796295166
Heart,13,1,0.8529411764705882,0.8508771929824561,0.8508771929824561,8.323529411764707,0.39706381186754963,1.0275995275553536,3.7388269901275635
Heart,13,3,0.8676470588235294,0.8662295081967213,0.8675438596491228,8.323529411764707,0.39706381186754963,1.0275995275553536,3.7388269901275635
Heart,13,5,0.8823529411764706,0.880701754385965,0.880701754385965,8.323529411764707,0.39706381186754963,1.0275995275553536,3.7388269901275635
Heart,13,7,0.8676470588235294,0.8662295081967213,0.8675438596491228,8.323529411764707,0.39706381186754963,1.0275995275553536,3.7388269901275635
Heart,14,1,0.8235294117647058,0.8221447253705318,0.8245614035087719,8.294117647058824,0.3940542398557657,1.0294800155303057,3.84173583984375
Heart,14,3,0.8088235294117647,0.8077843009349859,0.8114035087719298,8.294117647058824,0.3940542398557657,1.0294800155303057,3.84173583984375
Heart,14,5,0.8676470588235294,0.8662295081967213,0.8675438596491228,8.294117647058824,0.3940542398557657,1.0294800155303057,3.84173583984375
Heart,14,7,0.8529411764705882,0.85178727114211,0.8543859649122807,8.294117647058824,0.3940542398557657,1.0294800155303057,3.84173583984375
Heart,15,1,0.8088235294117647,0.8015712682379349,0.7973684210526315,8.338235294117647,0.3835696062862862,0.9871900432250079,3.781362533569336
Heart,15,3,0.8235294117647058,0.8178571428571428,0.8140350877192982,8.338235294117647,0.3835696062862862,0.9871900432250079,3.781362533569336
Heart,15,5,0.8529411764705882,0.8482142857142857,0.843859649122807,8.338235294117647,0.3835696062862862,0.9871900432250079,3.781362533569336
Heart,15,7,0.8382352941176471,0.8338885187652676,0.8307017543859649,8.338235294117647,0.3835696062862862,0.9871900432250079,3.781362533569336
Heart,16,1,0.7794117647058824,0.7782126549249837,0.7815789473684212,8.367647058823529,0.40389164808402317,1.0374761118608362,3.821091413497925
Heart,16,3,0.8088235294117647,0.806775956284153,0.8078947368421052,8.367647058823529,0.40389164808402317,1.0374761118608362,3.821091413497925
Heart,16,5,0.8088235294117647,0.8054149240589918,0.8043859649122806,8.367647058823529,0.40389164808402317,1.0374761118608362,3.821091413497925
Heart,16,7,0.8235294117647058,0.8196286472148542,0.8175438596491229,8.367647058823529,0.40389164808402317,1.0374761118608362,3.821091413497925
Heart,17,1,0.7794117647058824,0.7789815817984832,0.7850877192982456,8.338235294117647,0.38552696306547113,1.0039653567706837,3.749138832092285
Heart,17,3,0.8088235294117647,0.8077843009349859,0.8114035087719298,8.338235294117647,0.38552696306547113,1.0039653567706837,3.749138832092285
Heart,17,5,0.7941176470588235,0.7925021795989537,0.7947368421052632,8.338235294117647,0.38552696306547113,1.0039653567706837,3.749138832092285
Heart,17,7,0.7794117647058824,0.7770491803278688,0.7780701754385966,8.338235294117647,0.38552696306547113,1.0039653567706837,3.749138832092285
Heart,18,1,0.7941176470588235,0.7925021795989537,0.7947368421052632,8.161764705882353,0.4079927272485092,1.0140781122095444,3.809882402420044
Heart,18,3,0.8088235294117647,0.806775956284153,0.8078947368421052,8.161764705882353,0.4079927272485092,1.0140781122095444,3.809882402420044
Heart,18,5,0.8088235294117647,0.806775956284153,0.8078947368421052,8.161764705882353,0.4079927272485092,1.0140781122095444,3.809882402420044
Heart,18,7,0.8088235294117647,0.8054149240589918,0.8043859649122806,8.161764705882353,0.4079927272485092,1.0140781122095444,3.809882402420044
Heart,19,1,0.75,0.7333333333333334,0.7307017543859649,8.25,0.43091188756278126,1.0359466952436112,3.7559878826141357
Heart,19,3,0.8088235294117647,0.7990452375539896,0.7938596491228069,8.25,0.43091188756278126,1.0359466952436112,3.7559878826141357
Heart,19,5,0.8088235294117647,0.7990452375539896,0.7938596491228069,8.25,0.43091188756278126,1.0359466952436112,3.7559878826141357
Heart,19,7,0.8235294117647058,0.8157181571815718,0.8105263157894737,8.25,0.43091188756278126,1.0359466952436112,3.7559878826141357
ILPD,0,1,0.726027397260274,0.6442495126705653,0.6373626373626373,8.26027397260274,0.5715277104398655,1.016399959995322,6.3329668045043945
ILPD,0,3,0.726027397260274,0.6556603773584906,0.6515567765567765,8.26027397260274,0.5715277104398655,1.016399959995322,6.3329668045043945
ILPD,0,5,0.7123287671232876,0.6326383896477354,0.6277472527472527,8.26027397260274,0.5715277104398655,1.016399959995322,6.3329668045043945
ILPD,0,7,0.684931506849315,0.5908869395711501,0.5872252747252747,8.26027397260274,0.5715277104398655,1.016399959995322,6.3329668045043945
ILPD,1,1,0.7123287671232876,0.6054054054054054,0.5993589743589743,8.321917808219178,0.5584805516084342,0.9863251529327811,6.0304436683654785
ILPD,1,3,0.7328767123287672,0.6222885572139303,0.6137820512820513,8.321917808219178,0.5584805516084342,0.9863251529327811,6.0304436683654785
ILPD,1,5,0.7191780821917808,0.6029187396351576,0.5970695970695971,8.321917808219178,0.5584805516084342,0.9863251529327811,6.0304436683654785
ILPD,1,7,0.7123287671232876,0.5974264705882353,0.5922619047619048,8.321917808219178,0.5584805516084342,0.9863251529327811,6.0304436683654785
ILPD,2,1,0.684931506849315,0.6040094339622641,0.601419413919414,8.205479452054794,0.5478817390247774,1.0001573889222863,6.128033399581909
ILPD,2,3,0.6917808219178082,0.5963133640552996,0.592032967032967,8.205479452054794,0.5478817390247774,1.0001573889222863,6.128033399581909
ILPD,2,5,0.7054794520547946,0.6142549923195084,0.6087454212454213,8.205479452054794,0.5478817390247774,1.0001573889222863,6.128033399581909
ILPD,2,7,0.7054794520547946,0.6142549923195084,0.6087454212454213,8.205479452054794,0.5478817390247774,1.0001573889222863,6.128033399581909
ILPD,3,1,0.678082191780822,0.5540391239357899,0.5540293040293041,8.226027397260275,0.551368546557144,0.9892575838794447,6.083918333053589
ILPD,3,3,0.6712328767123288,0.549034749034749,0.5492216117216118,8.226027397260275,0.551368546557144,0.9892575838794447,6.083918333053589
ILPD,3,5,0.678082191780822,0.5626792428780829,0.5611263736263736,8.226027397260275,0.551368546557144,0.9892575838794447,6.083918333053589
ILPD,3,7,0.6986301369863014,0.5693215339233039,0.5684523809523809,8.226027397260275,0.551368546557144,0.9892575838794447,6.083918333053589
ILPD,4,1,0.6643835616438356,0.5525114155251141,0.551510989010989,8.315068493150685,0.558196529565526,1.0227667926109,6.284884691238403
ILPD,4,3,0.6575342465753424,0.5302445302445302,0.5325091575091575,8.315068493150685,0.558196529565526,1.0227667926109,6.284884691238403
ILPD,4,5,0.6506849315068494,0.5160850068239423,0.5206043956043955,8.315068493150685,0.558196529565526,1.0227667926109,6.284884691238403
ILPD,4,7,0.6575342465753424,0.5302445302445302,0.5325091575091575,8.315068493150685,0.558196529565526,1.0227667926109,6.284884691238403
ILPD,5,1,0.6917808219178082,0.5890410958904109,0.5849358974358975,8.445205479452055,0.554546330431732,1.0184388242355764,6.334751605987549
ILPD,5,3,0.7054794520547946,0.5919932410476376,0.5874542124542125,8.445205479452055,0.554546330431732,1.0184388242355764,6.334751605987549
ILPD,5,5,0.7054794520547946,0.5919932410476376,0.5874542124542125,8.445205479452055,0.554546330431732,1.0184388242355764,6.334751605987549
ILPD,5,7,0.678082191780822,0.5349373093866485,0.5398351648351648,8.445205479452055,0.554546330431732,1.0184388242355764,6.334751605987549
ILPD,6,1,0.6164383561643836,0.5699558173784978,0.5817307692307692,8.397260273972602,0.5579160376219525,1.023758782099371,6.299761772155762
ILPD,6,3,0.6575342465753424,0.5984598459845984,0.6034798534798534,8.397260273972602,0.5579160376219525,1.023758782099371,6.299761772155762
ILPD,6,5,0.684931506849315,0.6209076540979905,0.6227106227106227,8.397260273972602,0.5579160376219525,1.023758782099371,6.299761772155762
ILPD,6,7,0.6986301369863014,0.626945412311266,0.6252289377289377,8.397260273972602,0.5579160376219525,1.023758782099371,6.299761772155762
ILPD,7,1,0.678082191780822,0.5783717357910907,0.5753205128205128,8.452054794520548,0.5513805485298738,1.0343047609067944,6.353386163711548
ILPD,7,3,0.7191780821917808,0.6185074246383278,0.6112637362637363,8.452054794520548,0.5513805485298738,1.0343047609067944,6.353386163711548
ILPD,7,5,0.7054794520547946,0.5998980307182461,0.594551282051282,8.452054794520548,0.5513805485298738,1.0343047609067944,6.353386163711548
ILPD,7,7,0.684931506849315,0.5590861344537815,0.5588369963369964,8.452054794520548,0.5513805485298738,1.0343047609067944,6.353386163711548
ILPD,8,1,0.7054794520547946,0.6269091341296725,0.6229395604395604,8.431506849315069,0.5666414237317545,0.9888331873776162,6.10944676399231
ILPD,8,3,0.7191780821917808,0.6321966205837174,0.6254578754578755,8.431506849315069,0.5666414237317545,0.9888331873776162,6.10944676399231
ILPD,8,5,0.726027397260274,0.6442495126705653,0.6373626373626373,8.431506849315069,0.5666414237317545,0.9888331873776162,6.10944676399231
ILPD,8,7,0.7602739726027398,0.6803652968036529,0.6684981684981685,8.431506849315069,0.5666414237317545,0.9888331873776162,6.10944676399231
ILPD,9,1,0.7397260273972602,0.6676252096812845,0.6611721611721612,8.321917808219178,0.5668958758204932,0.9871336336005224,6.0120697021484375
ILPD,9,3,0.6986301369863014,0.6151449796309609,0.6110347985347986,8.321917808219178,0.5668958758204932,0.9871336336005224,6.0120697021484375
ILPD,9,5,0.6986301369863014,0.6086744639376218,0.6039377289377289,8.321917808219178,0.5668958758204932,0.9871336336005224,6.0120697021484375
ILPD,9,7,0.7054794520547946,0.6073059360730593,0.6016483516483516,8.321917808219178,0.5668958758204932,0.9871336336005224,6.0120697021484375
ILPD,10,1,0.726027397260274,0.6442495126705653,0.6373626373626373,8.287671232876713,0.5617947360173824,1.0634038562644017,6.424466609954834
ILPD,10,3,0.6986301369863014,0.6151449796309609,0.6110347985347986,8.287671232876713,0.5617947360173824,1.0634038562644017,6.424466609954834
ILPD,10,5,0.7123287671232876,0.6128787878787879,0.6064560439560439,8.287671232876713,0.5617947360173824,1.0634038562644017,6.424466609954834
ILPD,10,7,0.7191780821917808,0.6109702996035615,0.6041666666666666,8.287671232876713,0.5617947360173824,1.0634038562644017,6.424466609954834
ILPD,11,1,0.7671232876712328,0.6866161616161617,0.6733058608058609,8.452054794520548,0.5501154581594994,1.0005082447234899,6.044886827468872
ILPD,11,3,0.7465753424657534,0.6338868180277872,0.6233974358974359,8.452054794520548,0.5501154581594994,1.0005082447234899,6.044886827468872
ILPD,11,5,0.7328767123287672,0.6222885572139303,0.6137820512820513,8.452054794520548,0.5501154581594994,1.0005082447234899,6.044886827468872
ILPD,11,7,0.726027397260274,0.6165966386554622,0.6089743589743589,8.452054794520548,0.5501154581594994,1.0005082447234899,6.044886827468872
ILPD,12,1,0.7191780821917808,0.6185074246383278,0.6112637362637363,8.280821917808218,0.5680028692422849,0.9867717599215573,6.080793857574463
ILPD,12,3,0.7671232876712328,0.6741071428571428,0.6591117216117216,8.280821917808218,0.5680028692422849,0.9867717599215573,6.080793857574463
ILPD,12,5,0.7534246575342466,0.6398026315789473,0.6282051282051282,8.280821917808218,0.5680028692422849,0.9867717599215573,6.080793857574463
ILPD,12,7,0.7465753424657534,0.6070415363352004,0.6021062271062271,8.280821917808218,0.5680028692422849,0.9867717599215573,6.080793857574463
ILPD,13,1,0.684931506849315,0.6099883855981417,0.6085164835164835,8.465753424657533,0.5664955258316297,1.0126837214378461,6.281095027923584
ILPD,13,3,0.6917808219178082,0.6212601602582579,0.6204212454212454,8.465753424657533,0.5664955258316297,1.0126837214378461,6.281095027923584
ILPD,13,5,0.7054794520547946,0.6380930420245576,0.6371336996336996,8.465753424657533,0.5664955258316297,1.0126837214378461,6.281095027923584
ILPD,13,7,0.7054794520547946,0.6207792207792208,0.6158424908424909,8.465753424657533,0.5664955258316297,1.0126837214378461,6.281095027923584
ILPD,14,1,0.7602739726027398,0.7010122286583582,0.6968864468864469,8.280821917808218,0.5623442096089435,1.038389308811867,6.458202600479126
ILPD,14,3,0.7602739726027398,0.6913319238900635,0.6826923076923077,8.280821917808218,0.5623442096089435,1.038389308811867,6.458202600479126
ILPD,14,5,0.7465753424657534,0.6680798771121352,0.6588827838827839,8.280821917808218,0.5623442096089435,1.038389308811867,6.458202600479126
ILPD,14,7,0.726027397260274,0.6379866104636747,0.6302655677655677,8.280821917808218,0.5623442096089435,1.038389308811867,6.458202600479126
ILPD,15,1,0.6917808219178082,0.5812886367981646,0.5778388278388278,8.321917808219178,0.5678425356500805,0.9953058255861883,6.081114292144775
ILPD,15,3,0.7054794520547946,0.5998980307182461,0.594551282051282,8.321917808219178,0.5678425356500805,0.9953058255861883,6.081114292144775
ILPD,15,5,0.6917808219178082,0.5730161824917137,0.5707417582417582,8.321917808219178,0.5678425356500805,0.9953058255861883,6.081114292144775
ILPD,15,7,0.6986301369863014,0.5782563025210085,0.5755494505494505,8.321917808219178,0.5678425356500805,0.9953058255861883,6.081114292144775
ILPD,16,1,0.7465753424657534,0.6489244167154091,0.637591575091575,8.315068493150685,0.5923859943379644,1.0798094795174795,6.5347254276275635
ILPD,16,3,0.7123287671232876,0.5797697368421053,0.5780677655677656,8.315068493150685,0.5923859943379644,1.0798094795174795,6.5347254276275635
ILPD,16,5,0.7191780821917808,0.5850835239481528,0.5828754578754579,8.315068493150685,0.5923859943379644,1.0798094795174795,6.5347254276275635
ILPD,16,7,0.7465753424657534,0.6338868180277872,0.6233974358974359,8.315068493150685,0.5923859943379644,1.0798094795174795,6.5347254276275635
ILPD,17,1,0.678082191780822,0.5855028692237995,0.5824175824175825,8.267123287671232,0.5641234898503223,1.0583904687672445,6.4326653480529785
ILPD,17,3,0.7054794520547946,0.6142549923195084,0.6087454212454213,8.267123287671232,0.5641234898503223,1.0583904687672445,6.4326653480529785
ILPD,17,5,0.7123287671232876,0.5974264705882353,0.5922619047619048,8.267123287671232,0.5641234898503223,1.0583904687672445,6.4326653480529785
ILPD,17,7,0.7123287671232876,0.5974264705882353,0.5922619047619048,8.267123287671232,0.5641234898503223,1.0583904687672445,6.4326653480529785
ILPD,18,1,0.6712328767123288,0.5197368421052632,0.5279304029304029,8.363013698630137,0.5732581159179526,1.0342276945506057,6.391908407211304
ILPD,18,3,0.6712328767123288,0.5197368421052632,0.5279304029304029,8.363013698630137,0.5732581159179526,1.0342276945506057,6.391908407211304
ILPD,18,5,0.6917808219178082,0.5220775441914599,0.5352564102564102,8.363013698630137,0.5732581159179526,1.0342276945506057,6.391908407211304
ILPD,18,7,0.6917808219178082,0.5095184770436729,0.5281593406593407,8.363013698630137,0.5732581159179526,1.0342276945506057,6.391908407211304
ILPD,19,1,0.7328767123287672,0.6371168185584093,0.6279761904761905,8.280821917808218,0.5799147086792231,1.0100019190409413,6.22905969619751
ILPD,19,3,0.7191780821917808,0.6255707762557077,0.6183608058608059,8.280821917808218,0.5799147086792231,1.0100019190409413,6.22905969619751
ILPD,19,5,0.7054794520547946,0.5998980307182461,0.594551282051282,8.280821917808218,0.5799147086792231,1.0100019190409413,6.22905969619751
ILPD,19,7,0.7191780821917808,0.6029187396351576,0.5970695970695971,8.280821917808218,0.5799147086792231,1.0100019190409413,6.22905969619751
Ionosphere,0,1,0.8863636363636364,0.8690476190476191,0.8534238822863611,8.295454545454545,0.40100657574836857,0.9986624202945016,4.198198080062866
Ionosphere,0,3,0.8977272727272727,0.8809917355371901,0.8621958121109224,8.295454545454545,0.40100657574836857,0.9986624202945016,4.198198080062866
Ionosphere,0,5,0.8863636363636364,0.8664238008500303,0.8460667798528579,8.295454545454545,0.40100657574836857,0.9986624202945016,4.198198080062866
Ionosphere,0,7,0.8863636363636364,0.8664238008500303,0.8460667798528579,8.295454545454545,0.40100657574836857,0.9986624202945016,4.198198080062866
Ionosphere,1,1,0.9090909090909091,0.8971361776738749,0.8856819468024901,8.204545454545455,0.4070039325847233,1.039343167435039,4.703634262084961
Ionosphere,1,3,0.8977272727272727,0.8832375055285272,0.8695529145444256,8.204545454545455,0.4070039325847233,1.039343167435039,4.703634262084961
Ionosphere,1,5,0.8977272727272727,0.8809917355371901,0.8621958121109224,8.204545454545455,0.4070039325847233,1.039343167435039,4.703634262084961
Ionosphere,1,7,0.8977272727272727,0.8809917355371901,0.8621958121109224,8.204545454545455,0.4070039325847233,1.039343167435039,4.703634262084961
Ionosphere,2,1,0.8636363636363636,0.8457042665108124,0.8325892857142857,8.465909090909092,0.3840677000584485,1.093982227823951,4.648953199386597
Ionosphere,2,3,0.875,0.8572902845348666,0.8415178571428572,8.465909090909092,0.3840677000584485,1.093982227823951,4.648953199386597
Ionosphere,2,5,0.8863636363636364,0.8714202220923437,0.8571428571428572,8.465909090909092,0.3840677000584485,1.093982227823951,4.648953199386597
Ionosphere,2,7,0.8863636363636364,0.8714202220923437,0.8571428571428572,8.465909090909092,0.3840677000584485,1.093982227823951,4.648953199386597
Ionosphere,3,1,0.8409090909090909,0.8129933211900424,0.7962648556876061,8.431818181818182,0.3809726898289856,1.0907821384343235,4.6581690311431885
Ionosphere,3,3,0.8863636363636364,0.8664238008500303,0.8460667798528579,8.431818181818182,0.3809726898289856,1.0907821384343235,4.6581690311431885
Ionosphere,3,5,0.8863636363636364,0.8690476190476191,0.8534238822863611,8.431818181818182,0.3809726898289856,1.0907821384343235,4.6581690311431885
Ionosphere,3,7,0.8977272727272727,0.8809917355371901,0.8621958121109224,8.431818181818182,0.3809726898289856,1.0907821384343235,4.6581690311431885
Ionosphere,4,1,0.8409090909090909,0.8129933211900424,0.7962648556876061,8.181818181818182,0.3952967641066504,1.0835018374703147,4.652698755264282
Ionosphere,4,3,0.8522727272727273,0.8205490196078431,0.7976796830786643,8.181818181818182,0.3952967641066504,1.0835018374703147,4.652698755264282
Ionosphere,4,5,0.8409090909090909,0.8089330024813896,0.788907753254103,8.181818181818182,0.3952967641066504,1.0835018374703147,4.652698755264282
Ionosphere,4,7,0.8409090909090909,0.8089330024813896,0.788907753254103,8.181818181818182,0.3952967641066504,1.0835018374703147,4.652698755264282
Ionosphere,5,1,0.9090909090909091,0.8952380952380952,0.875,8.386363636363637,0.3996994770385209,1.0797342197461561,4.790705680847168
Ionosphere,5,3,0.9090909090909091,0.8952380952380952,0.875,8.386363636363637,0.3996994770385209,1.0797342197461561,4.790705680847168
Ionosphere,5,5,0.8977272727272727,0.8809917355371901,0.859375,8.386363636363637,0.3996994770385209,1.0797342197461561,4.790705680847168
Ionosphere,5,7,0.8977272727272727,0.8809917355371901,0.859375,8.386363636363637,0.3996994770385209,1.0797342197461561,4.790705680847168
Ionosphere,6,1,0.8863636363636364,0.8690476190476191,0.8504464285714286,8.375,0.40186775993302926,1.019213860685175,4.419145822525024
Ionosphere,6,3,0.9090909090909091,0.8952380952380952,0.875,8.375,0.40186775993302926,1.019213860685175,4.419145822525024
Ionosphere,6,5,0.9204545454545454,0.9091847265221877,0.890625,8.375,0.40186775993302926,1.019213860685175,4.419145822525024
Ionosphere,6,7,0.9090909090909091,0.8971361776738749,0.8816964285714286,8.375,0.40186775993302926,1.019213860685175,4.419145822525024
Ionosphere,7,1,0.8409090909090909,0.8089330024813896,0.788907753254103,8.295454545454545,0.38012221763290555,1.1081882471388036,4.784917116165161
Ionosphere,7,3,0.8863636363636364,0.8635235732009925,0.8387096774193548,8.295454545454545,0.38012221763290555,1.1081882471388036,4.784917116165161
Ionosphere,7,5,0.875,0.848156862745098,0.8225806451612903,8.295454545454545,0.38012221763290555,1.1081882471388036,4.784917116165161
Ionosphere,7,7,0.875,0.848156862745098,0.8225806451612903,8.295454545454545,0.38012221763290555,1.1081882471388036,4.784917116165161
Ionosphere,8,1,0.875,0.8545454545454545,0.8348214285714286,8.329545454545455,0.3861892122441265,1.0674406235868281,4.586084604263306
Ionosphere,8,3,0.8977272727272727,0.8852672750977836,0.8727678571428572,8.329545454545455,0.3861892122441265,1.0674406235868281,4.586084604263306
Ionosphere,8,5,0.9090909090909091,0.8971361776738749,0.8816964285714286,8.329545454545455,0.3861892122441265,1.0674406235868281,4.586084604263306
Ionosphere,8,7,0.8977272727272727,0.8832375055285272,0.8660714285714286,8.329545454545455,0.3861892122441265,1.0674406235868281,4.586084604263306
Ionosphere,9,1,0.8409090909090909,0.8199883109292812,0.8109790605546123,8.295454545454545,0.40002091755525854,1.0792884068055586,4.75902795791626
Ionosphere,9,3,0.875,0.8545454545454545,0.8372948500282966,8.295454545454545,0.40002091755525854,1.0792884068055586,4.75902795791626
Ionosphere,9,5,0.875,0.8545454545454545,0.8372948500282966,8.295454545454545,0.40002091755525854,1.0792884068055586,4.75902795791626
Ionosphere,9,7,0.875,0.851510967939868,0.8299377475947933,8.295454545454545,0.40002091755525854,1.0792884068055586,4.75902795791626
Ionosphere,10,1,0.8977272727272727,0.8852672750977836,0.8769100169779287,8.340909090909092,0.38044925732347984,1.0825792225924404,4.72361946105957
Ionosphere,10,3,0.9318181818181818,0.9241379310344828,0.9179400113186191,8.340909090909092,0.38044925732347984,1.0825792225924404,4.72361946105957
Ionosphere,10,5,0.9318181818181818,0.9241379310344828,0.9179400113186191,8.340909090909092,0.38044925732347984,1.0825792225924404,4.72361946105957
Ionosphere,10,7,0.9318181818181818,0.9241379310344828,0.9179400113186191,8.340909090909092,0.38044925732347984,1.0825792225924404,4.72361946105957
Ionosphere,11,1,0.875,0.8545454545454545,0.8348214285714286,8.340909090909092,0.39070192574826845,1.081529056484049,4.621964931488037
Ionosphere,11,3,0.8522727272727273,0.8245129621107532,0.8035714285714286,8.340909090909092,0.39070192574826845,1.081529056484049,4.621964931488037
Ionosphere,11,5,0.8409090909090909,0.8089330024813896,0.7879464285714286,8.340909090909092,0.39070192574826845,1.081529056484049,4.621964931488037
Ionosphere,11,7,0.8409090909090909,0.8089330024813896,0.7879464285714286,8.340909090909092,0.39070192574826845,1.081529056484049,4.621964931488037
Ionosphere,12,1,0.8863636363636364,0.8664238008500303,0.8460667798528579,8.261363636363637,0.4205690112565355,1.0865348008545963,4.7720746994018555
Ionosphere,12,3,0.875,0.851510967939868,0.8299377475947933,8.261363636363637,0.4205690112565355,1.0865348008545963,4.7720746994018555
Ionosphere,12,5,0.8863636363636364,0.8635235732009925,0.8387096774193548,8.261363636363637,0.4205690112565355,1.0865348008545963,4.7720746994018555
Ionosphere,12,7,0.8863636363636364,0.8635235732009925,0.8387096774193548,8.261363636363637,0.4205690112565355,1.0865348008545963,4.7720746994018555
Ionosphere,13,1,0.875,0.848156862745098,0.8225806451612903,8.306818181818182,0.41281229915499507,1.0637459592385725,4.528530597686768
Ionosphere,13,3,0.9090909090909091,0.8931390406800244,0.8709677419354839,8.306818181818182,0.41281229915499507,1.0637459592385725,4.528530597686768
Ionosphere,13,5,0.9090909090909091,0.8931390406800244,0.8709677419354839,8.306818181818182,0.41281229915499507,1.0637459592385725,4.528530597686768
Ionosphere,13,7,0.8977272727272727,0.8785089737689831,0.8548387096774194,8.306818181818182,0.41281229915499507,1.0637459592385725,4.528530597686768
Ionosphere,14,1,0.875,0.8572902845348666,0.8415178571428572,8.136363636363637,0.3966300885776837,1.0762615393508563,4.639498233795166
Ionosphere,14,3,0.875,0.8572902845348666,0.8415178571428572,8.136363636363637,0.3966300885776837,1.0762615393508563,4.639498233795166
Ionosphere,14,5,0.8863636363636364,0.8664238008500303,0.84375,8.136363636363637,0.3966300885776837,1.0762615393508563,4.639498233795166
Ionosphere,14,7,0.875,0.851510967939868,0.828125,8.136363636363637,0.3966300885776837,1.0762615393508563,4.639498233795166
Ionosphere,15,1,0.875,0.851510967939868,0.8299377475947933,8.454545454545455,0.39677388487519516,1.0790731798518787,4.6619579792022705
Ionosphere,15,3,0.875,0.8545454545454545,0.8372948500282966,8.454545454545455,0.39677388487519516,1.0790731798518787,4.6619579792022705
Ionosphere,15,5,0.875,0.8545454545454545,0.8372948500282966,8.454545454545455,0.39677388487519516,1.0790731798518787,4.6619579792022705
Ionosphere,15,7,0.8636363636363636,0.8428571428571429,0.8285229202037352,8.454545454545455,0.39677388487519516,1.0790731798518787,4.6619579792022705
Ionosphere,16,1,0.875,0.8545454545454545,0.8372948500282966,8.420454545454545,0.38150659229103334,1.0617683963342146,4.600748300552368
Ionosphere,16,3,0.8863636363636364,0.8664238008500303,0.8460667798528579,8.420454545454545,0.38150659229103334,1.0617683963342146,4.600748300552368
Ionosphere,16,5,0.875,0.8545454545454545,0.8372948500282966,8.420454545454545,0.38150659229103334,1.0617683963342146,4.600748300552368
Ionosphere,16,7,0.875,0.8545454545454545,0.8372948500282966,8.420454545454545,0.38150659229103334,1.0617683963342146,4.600748300552368
Ionosphere,17,1,0.8636363636363636,0.8457042665108124,0.8358800226372383,8.011363636363637,0.37946831592450586,0.9794052216139707,4.207602024078369
Ionosphere,17,3,0.8522727272727273,0.8280991735537191,0.8123938879456706,8.011363636363637,0.37946831592450586,0.9794052216139707,4.207602024078369
Ionosphere,17,5,0.875,0.8572902845348666,0.8446519524617997,8.011363636363637,0.37946831592450586,0.9794052216139707,4.207602024078369
Ionosphere,17,7,0.8522727272727273,0.8280991735537191,0.8123938879456706,8.011363636363637,0.37946831592450586,0.9794052216139707,4.207602024078369
Ionosphere,18,1,0.8863636363636364,0.8664238008500303,0.8460667798528579,8.465909090909092,0.398626216408041,1.0655846243554896,4.652083396911621
Ionosphere,18,3,0.9204545454545454,0.9074380165289255,0.8870967741935484,8.465909090909092,0.398626216408041,1.0655846243554896,4.652083396911621
Ionosphere,18,5,0.9204545454545454,0.9074380165289255,0.8870967741935484,8.465909090909092,0.398626216408041,1.0655846243554896,4.652083396911621
Ionosphere,18,7,0.8977272727272727,0.8785089737689831,0.8548387096774194,8.465909090909092,0.398626216408041,1.0655846243554896,4.652083396911621
Ionosphere,19,1,0.875,0.8545454545454545,0.8348214285714286,8.420454545454545,0.41095287779817563,1.0633290978995236,4.574608325958252
Ionosphere,19,3,0.8522727272727273,0.831343063541206,0.8169642857142857,8.420454545454545,0.41095287779817563,1.0633290978995236,4.574608325958252
Ionosphere,19,5,0.8636363636363636,0.8397085610200364,0.8191964285714286,8.420454545454545,0.41095287779817563,1.0633290978995236,4.574608325958252
Ionosphere,19,7,0.8636363636363636,0.8397085610200364,0.8191964285714286,8.420454545454545,0.41095287779817563,1.0633290978995236,4.574608325958252
Iris,0,1,0.9210526315789473,0.9199999999999999,0.9209401709401709,8.263157894736842,0.5239987864176832,1.299959565463819,3.664015531539917
Iris,0,3,0.9210526315789473,0.9199999999999999,0.9209401709401709,8.263157894736842,0.5239987864176832,1.299959565463819,3.664015531539917
Iris,0,5,0.9210526315789473,0.9199999999999999,0.9209401709401709,8.263157894736842,0.5239987864176832,1.299959565463819,3.664015531539917
Iris,0,7,0.9210526315789473,0.9199999999999999,0.9209401709401709,8.263157894736842,0.5239987864176832,1.299959565463819,3.664015531539917
Iris,1,1,0.9736842105263158,0.974320987654321,0.9743589743589745,8.342105263157896,0.5335143683945648,1.335555823225724,3.670494556427002
Iris,1,3,0.9736842105263158,0.974320987654321,0.9743589743589745,8.342105263157896,0.5335143683945648,1.335555823225724,3.670494556427002
Iris,1,5,0.9736842105263158,0.974320987654321,0.9743589743589745,8.342105263157896,0.5335143683945648,1.335555823225724,3.670494556427002
Iris,1,7,0.9736842105263158,0.974320987654321,0.9743589743589745,8.342105263157896,0.5335143683945648,1.335555823225724,3.670494556427002
Iris,2,1,0.8947368421052632,0.894949494949495,0.8974358974358975,8.263157894736842,0.5229876939754496,1.2320151140815334,3.6401233673095703
Iris,2,3,0.9210526315789473,0.9193788819875776,0.923076923076923,8.263157894736842,0.5229876939754496,1.2320151140815334,3.6401233673095703
Iris,2,5,0.9210526315789473,0.9193788819875776,0.923076923076923,8.263157894736842,0.5229876939754496,1.2320151140815334,3.6401233673095703
Iris,2,7,0.9473684210526315,0.9484126984126983,0.9487179487179488,8.263157894736842,0.5229876939754496,1.2320151140815334,3.6401233673095703
Iris,3,1,0.9210526315789473,0.9194847020933977,0.9188034188034188,8.447368421052632,0.5168458550094215,1.2970736967889887,3.625854015350342
Iris,3,3,0.9210526315789473,0.9194847020933977,0.9188034188034188,8.447368421052632,0.5168458550094215,1.2970736967889887,3.625854015350342
Iris,3,5,0.9210526315789473,0.9194847020933977,0.9188034188034188,8.447368421052632,0.5168458550094215,1.2970736967889887,3.625854015350342
Iris,3,7,0.9210526315789473,0.9194847020933977,0.9188034188034188,8.447368421052632,0.5168458550094215,1.2970736967889887,3.625854015350342
Iris,4,1,0.9736842105263158,0.9733333333333333,0.9743589743589745,8.342105263157896,0.5309695399373278,1.2959717386647274,3.7091777324676514
Iris,4,3,1.0,1.0,1.0,8.342105263157896,0.5309695399373278,1.2959717386647274,3.7091777324676514
Iris,4,5,0.9736842105263158,0.9731615673644658,0.9722222222222222,8.342105263157896,0.5309695399373278,1.2959717386647274,3.7091777324676514
Iris,4,7,1.0,1.0,1.0,8.342105263157896,0.5309695399373278,1.2959717386647274,3.7091777324676514
Iris,5,1,0.8947368421052632,0.8931623931623932,0.8952991452991452,8.394736842105264,0.5332643414242058,1.2809667022604692,3.623133897781372
Iris,5,3,0.9210526315789473,0.9194847020933977,0.923076923076923,8.394736842105264,0.5332643414242058,1.2809667022604692,3.623133897781372
Iris,5,5,0.9210526315789473,0.9194847020933977,0.923076923076923,8.394736842105264,0.5332643414242058,1.2809667022604692,3.623133897781372
Iris,5,7,0.9210526315789473,0.9194847020933977,0.923076923076923,8.394736842105264,0.5332643414242058,1.2809667022604692,3.623133897781372
Iris,6,1,0.8157894736842105,0.8051146384479718,0.80982905982906,8.605263157894736,0.516714407573993,1.2914249395069324,3.662938356399536
Iris,6,3,0.8421052631578947,0.8376623376623377,0.8376068376068376,8.605263157894736,0.516714407573993,1.2914249395069324,3.662938356399536
Iris,6,5,0.8947368421052632,0.8917748917748919,0.8910256410256411,8.605263157894736,0.516714407573993,1.2914249395069324,3.662938356399536
Iris,6,7,0.868421052631579,0.8658078368223295,0.8653846153846154,8.605263157894736,0.516714407573993,1.2914249395069324,3.662938356399536
Iris,7,1,0.8947368421052632,0.8931623931623932,0.8931623931623932,8.263157894736842,0.5401704993545048,1.3322899027874595,3.7624192237854004
Iris,7,3,0.9473684210526315,0.945887445887446,0.9444444444444445,8.263157894736842,0.5401704993545048,1.3322899027874595,3.7624192237854004
Iris,7,5,0.9210526315789473,0.9194847020933977,0.9188034188034188,8.263157894736842,0.5401704993545048,1.3322899027874595,3.7624192237854004
Iris,7,7,0.9210526315789473,0.9194847020933977,0.9188034188034188,8.263157894736842,0.5401704993545048,1.3322899027874595,3.7624192237854004
Iris,8,1,0.9210526315789473,0.9193788819875776,0.923076923076923,8.421052631578947,0.519361878589956,1.2951016990762008,3.6024317741394043
Iris,8,3,0.9473684210526315,0.9484126984126983,0.9487179487179488,8.421052631578947,0.519361878589956,1.2951016990762008,3.6024317741394043
Iris,8,5,0.9210526315789473,0.9220389805097451,0.923076923076923,8.421052631578947,0.519361878589956,1.2951016990762008,3.6024317741394043
Iris,8,7,0.9210526315789473,0.9220389805097451,0.923076923076923,8.421052631578947,0.519361878589956,1.2951016990762008,3.6024317741394043
Iris,9,1,0.9210526315789473,0.9229629629629629,0.923076923076923,8.526315789473685,0.5388553901235724,1.285730845049808,3.617687702178955
Iris,9,3,0.9210526315789473,0.9229629629629629,0.923076923076923,8.526315789473685,0.5388553901235724,1.285730845049808,3.617687702178955
Iris,9,5,0.9210526315789473,0.9229629629629629,0.923076923076923,8.526315789473685,0.5388553901235724,1.285730845049808,3.617687702178955
Iris,9,7,0.9210526315789473,0.9229629629629629,0.923076923076923,8.526315789473685,0.5388553901235724,1.285730845049808,3.617687702178955
Iris,10,1,0.868421052631579,0.8658078368223295,0.8653846153846154,8.552631578947368,0.5338810211885553,1.3346229289707385,3.631181001663208
Iris,10,3,0.9210526315789473,0.9199999999999999,0.9209401709401709,8.552631578947368,0.5338810211885553,1.3346229289707385,3.631181001663208
Iris,10,5,0.9473684210526315,0.9465811965811964,0.9465811965811964,8.552631578947368,0.5338810211885553,1.3346229289707385,3.631181001663208
Iris,10,7,0.9473684210526315,0.9465811965811964,0.9465811965811964,8.552631578947368,0.5338810211885553,1.3346229289707385,3.631181001663208
Iris,11,1,0.9736842105263158,0.974320987654321,0.9743589743589745,8.631578947368421,0.5267198503784858,1.2879455842469867,3.6147496700286865
Iris,11,3,1.0,1.0,1.0,8.631578947368421,0.5267198503784858,1.2879455842469867,3.6147496700286865
Iris,11,5,1.0,1.0,1.0,8.631578947368421,0.5267198503784858,1.2879455842469867,3.6147496700286865
Iris,11,7,1.0,1.0,1.0,8.631578947368421,0.5267198503784858,1.2879455842469867,3.6147496700286865
Iris,12,1,0.868421052631579,0.8700649675162418,0.8717948717948718,8.078947368421053,0.5392423683644016,1.284886360168457,3.7171308994293213
Iris,12,3,0.868421052631579,0.8700649675162418,0.8717948717948718,8.078947368421053,0.5392423683644016,1.284886360168457,3.7171308994293213
Iris,12,5,0.868421052631579,0.8700649675162418,0.8717948717948718,8.078947368421053,0.5392423683644016,1.284886360168457,3.7171308994293213
Iris,12,7,0.868421052631579,0.8700649675162418,0.8717948717948718,8.078947368421053,0.5392423683644016,1.284886360168457,3.7171308994293213
Iris,13,1,0.9210526315789473,0.9178981937602627,0.9166666666666666,8.552631578947368,0.5394357014226231,1.2659554857956736,3.566516160964966
Iris,13,3,0.9473684210526315,0.945887445887446,0.9444444444444445,8.552631578947368,0.5394357014226231,1.2659554857956736,3.566516160964966
Iris,13,5,0.9473684210526315,0.945887445887446,0.9444444444444445,8.552631578947368,0.5394357014226231,1.2659554857956736,3.566516160964966
Iris,13,7,0.9473684210526315,0.945887445887446,0.9444444444444445,8.552631578947368,0.5394357014226231,1.2659554857956736,3.566516160964966
Iris,14,1,0.9210526315789473,0.9194847020933977,0.9188034188034188,8.657894736842104,0.5274834667080436,1.2943029089977867,3.677138090133667
Iris,14,3,0.8947368421052632,0.8931623931623932,0.8931623931623932,8.657894736842104,0.5274834667080436,1.2943029089977867,3.677138090133667
Iris,14,5,0.8947368421052632,0.8931623931623932,0.8931623931623932,8.657894736842104,0.5274834667080436,1.2943029089977867,3.677138090133667
Iris,14,7,0.8947368421052632,0.8931623931623932,0.8931623931623932,8.657894736842104,0.5274834667080436,1.2943029089977867,3.677138090133667
Iris,15,1,0.9736842105263158,0.9733333333333333,0.9743589743589745,8.368421052631579,0.5308830853045277,1.2886588197005422,3.680421829223633
Iris,15,3,0.9473684210526315,0.9465811965811964,0.9487179487179488,8.368421052631579,0.5308830853045277,1.2886588197005422,3.680421829223633
Iris,15,5,0.9473684210526315,0.9465811965811964,0.9487179487179488,8.368421052631579,0.5308830853045277,1.2886588197005422,3.680421829223633
Iris,15,7,0.9210526315789473,0.9194847020933977,0.923076923076923,8.368421052631579,0.5308830853045277,1.2886588197005422,3.680421829223633
Iris,16,1,1.0,1.0,1.0,8.473684210526315,0.5334524424967975,1.2797653298628957,3.670069456100464
Iris,16,3,1.0,1.0,1.0,8.473684210526315,0.5334524424967975,1.2797653298628957,3.670069456100464
Iris,16,5,1.0,1.0,1.0,8.473684210526315,0.5334524424967975,1.2797653298628957,3.670069456100464
Iris,16,7,1.0,1.0,1.0,8.473684210526315,0.5334524424967975,1.2797653298628957,3.670069456100464
Iris,17,1,0.9473684210526315,0.945887445887446,0.9444444444444445,8.31578947368421,0.5282950056963305,1.319674949896963,3.6979126930236816
Iris,17,3,0.9473684210526315,0.945887445887446,0.9444444444444445,8.31578947368421,0.5282950056963305,1.319674949896963,3.6979126930236816
Iris,17,5,0.9473684210526315,0.945887445887446,0.9444444444444445,8.31578947368421,0.5282950056963305,1.319674949896963,3.6979126930236816
Iris,17,7,0.9473684210526315,0.945887445887446,0.9444444444444445,8.31578947368421,0.5282950056963305,1.319674949896963,3.6979126930236816
Iris,18,1,0.9473684210526315,0.9465811965811964,0.9487179487179488,8.631578947368421,0.5372936110509176,1.2505827075556706,3.593158006668091
Iris,18,3,0.9473684210526315,0.9465811965811964,0.9487179487179488,8.631578947368421,0.5372936110509176,1.2505827075556706,3.593158006668091
Iris,18,5,0.9473684210526315,0.9465811965811964,0.9487179487179488,8.631578947368421,0.5372936110509176,1.2505827075556706,3.593158006668091
Iris,18,7,0.9473684210526315,0.9465811965811964,0.9487179487179488,8.631578947368421,0.5372936110509176,1.2505827075556706,3.593158006668091
Iris,19,1,0.9736842105263158,0.9733333333333333,0.9743589743589745,8.552631578947368,0.5167799761279126,1.2485752293938084,3.664034605026245
Iris,19,3,0.9473684210526315,0.9465811965811964,0.9487179487179488,8.552631578947368,0.5167799761279126,1.2485752293938084,3.664034605026245
Iris,19,5,0.9210526315789473,0.9194847020933977,0.923076923076923,8.552631578947368,0.5167799761279126,1.2485752293938084,3.664034605026245
Iris,19,7,0.9210526315789473,0.9194847020933977,0.923076923076923,8.552631578947368,0.5167799761279126,1.2485752293938084,3.664034605026245
Laryngeal3,0,1,0.7415730337078652,0.6855807390422436,0.7036519036519037,8.280898876404494,0.5279335402590752,1.293452123577675,5.732574939727783
Laryngeal3,0,3,0.7752808988764045,0.7128099173553718,0.6827172827172827,8.280898876404494,0.5279335402590752,1.293452123577675,5.732574939727783
Laryngeal3,0,5,0.7752808988764045,0.7143250688705235,0.6924852924852924,8.280898876404494,0.5279335402590752,1.293452123577675,5.732574939727783
Laryngeal3,0,7,0.7752808988764045,0.7143250688705235,0.6924852924852924,8.280898876404494,0.5279335402590752,1.293452123577675,5.732574939727783
Laryngeal3,1,1,0.7303370786516854,0.6945672462913842,0.6878232878232877,8.325842696629213,0.5134638013531161,1.2275349584858068,5.574943780899048
Laryngeal3,1,3,0.6966292134831461,0.6527065527065528,0.6402486402486403,8.325842696629213,0.5134638013531161,1.2275349584858068,5.574943780899048
Laryngeal3,1,5,0.6853932584269663,0.6351896690879743,0.6243756243756243,8.325842696629213,0.5134638013531161,1.2275349584858068,5.574943780899048
Laryngeal3,1,7,0.6966292134831461,0.6420168067226891,0.6304362304362304,8.325842696629213,0.5134638013531161,1.2275349584858068,5.574943780899048
Laryngeal3,2,1,0.7752808988764045,0.7493755824790308,0.7316905316905317,8.393258426966293,0.5486076449319849,1.213107778784934,5.40290641784668
Laryngeal3,2,3,0.7640449438202247,0.7346952303474042,0.7256299256299257,8.393258426966293,0.5486076449319849,1.213107778784934,5.40290641784668
Laryngeal3,2,5,0.797752808988764,0.7673641811572846,0.7536241536241536,8.393258426966293,0.5486076449319849,1.213107778784934,5.40290641784668
Laryngeal3,2,7,0.8202247191011236,0.785873149781425,0.7657453657453658,8.393258426966293,0.5486076449319849,1.213107778784934,5.40290641784668
Laryngeal3,3,1,0.7415730337078652,0.6558027437893956,0.6448662448662449,8.404494382022472,0.5458979056417859,1.2215825091587025,5.445183992385864
Laryngeal3,3,3,0.7415730337078652,0.6514829256764741,0.6546342546342546,8.404494382022472,0.5458979056417859,1.2215825091587025,5.445183992385864
Laryngeal3,3,5,0.7752808988764045,0.695047619047619,0.6826284826284826,8.404494382022472,0.5458979056417859,1.2215825091587025,5.445183992385864
Laryngeal3,3,7,0.7640449438202247,0.6725220458553792,0.6667554667554668,8.404494382022472,0.5458979056417859,1.2215825091587025,5.445183992385864
Laryngeal3,4,1,0.7191011235955056,0.6411845730027549,0.622977022977023,8.235955056179776,0.5294244488729162,1.2918404943487618,5.831249952316284
Laryngeal3,4,3,0.6966292134831461,0.6028517999064983,0.5814629814629815,8.235955056179776,0.5294244488729162,1.2918404943487618,5.831249952316284
Laryngeal3,4,5,0.7303370786516854,0.6500349680916164,0.6290376290376289,8.235955056179776,0.5294244488729162,1.2918404943487618,5.831249952316284
Laryngeal3,4,7,0.7191011235955056,0.6297335203366058,0.6033966033966034,8.235955056179776,0.5294244488729162,1.2918404943487618,5.831249952316284
Laryngeal3,5,1,0.6966292134831461,0.6807359307359307,0.698989898989899,8.359550561797754,0.505751597798994,1.2698652021000894,5.784978628158569
Laryngeal3,5,3,0.7078651685393258,0.6682769726247987,0.6756576756576756,8.359550561797754,0.505751597798994,1.2698652021000894,5.784978628158569
Laryngeal3,5,5,0.7078651685393258,0.6682769726247987,0.6756576756576756,8.359550561797754,0.505751597798994,1.2698652021000894,5.784978628158569
Laryngeal3,5,7,0.7078651685393258,0.6656314699792961,0.6854256854256855,8.359550561797754,0.505751597798994,1.2698652021000894,5.784978628158569
Laryngeal3,6,1,0.6741573033707865,0.6023312550826783,0.628038628038628,8.348314606741573,0.5135843392787642,1.2330848795644354,5.623830556869507
Laryngeal3,6,3,0.6853932584269663,0.6232849071832122,0.6439116439116439,8.348314606741573,0.5135843392787642,1.2330848795644354,5.623830556869507
Laryngeal3,6,5,0.6853932584269663,0.620940170940171,0.6243312243312243,8.348314606741573,0.5135843392787642,1.2330848795644354,5.623830556869507
Laryngeal3,6,7,0.6966292134831461,0.6373327108621226,0.6499722499722499,8.348314606741573,0.5135843392787642,1.2330848795644354,5.623830556869507
Laryngeal3,7,1,0.6629213483146067,0.6083257313142371,0.6122544122544124,8.292134831460674,0.5331235932138053,1.264160126782535,5.448511838912964
Laryngeal3,7,3,0.7191011235955056,0.665884587453215,0.6621822621822622,8.292134831460674,0.5331235932138053,1.264160126782535,5.448511838912964
Laryngeal3,7,5,0.7191011235955056,0.665884587453215,0.6621822621822622,8.292134831460674,0.5331235932138053,1.264160126782535,5.448511838912964
Laryngeal3,7,7,0.7303370786516854,0.6740664650269169,0.6682428682428682,8.292134831460674,0.5331235932138053,1.264160126782535,5.448511838912964
Laryngeal3,8,1,0.7191011235955056,0.6635274799575002,0.6719502719502719,8.404494382022472,0.49424665170645254,1.3003052352519517,5.930675983428955
Laryngeal3,8,3,0.7191011235955056,0.6524414850686037,0.6621378621378621,8.404494382022472,0.49424665170645254,1.3003052352519517,5.930675983428955
Laryngeal3,8,5,0.7078651685393258,0.6399818253266529,0.6560772560772561,8.404494382022472,0.49424665170645254,1.3003052352519517,5.930675983428955
Laryngeal3,8,7,0.6966292134831461,0.6202874505885384,0.6402042402042402,8.404494382022472,0.49424665170645254,1.3003052352519517,5.930675983428955
Laryngeal3,9,1,0.6741573033707865,0.6097478991596639,0.5987345987345987,8.314606741573034,0.5264901538276741,1.3219495676876454,5.905964612960815
Laryngeal3,9,3,0.7191011235955056,0.6611297199532494,0.6523698523698523,8.314606741573034,0.5264901538276741,1.3219495676876454,5.905964612960815
Laryngeal3,9,5,0.7078651685393258,0.6370569494225409,0.6364968364968364,8.314606741573034,0.5264901538276741,1.3219495676876454,5.905964612960815
Laryngeal3,9,7,0.7078651685393258,0.6482147273107725,0.6463092463092462,8.314606741573034,0.5264901538276741,1.3219495676876454,5.905964612960815
Laryngeal3,10,1,0.651685393258427,0.6033068783068782,0.6355422355422355,8.49438202247191,0.5204946834436298,1.264677851387624,5.7608115673065186
Laryngeal3,10,3,0.7078651685393258,0.642136997740446,0.6658452658452658,8.49438202247191,0.5204946834436298,1.264677851387624,5.7608115673065186
Laryngeal3,10,5,0.6966292134831461,0.6354928596307906,0.6597846597846598,8.49438202247191,0.5204946834436298,1.264677851387624,5.7608115673065186
Laryngeal3,10,7,0.6629213483146067,0.5818950464111755,0.621978021978022,8.49438202247191,0.5204946834436298,1.264677851387624,5.7608115673065186
Laryngeal3,11,1,0.7865168539325843,0.7320096852300241,0.7084027084027084,8.359550561797754,0.5304366094324601,1.2103007482678703,5.245203018188477
Laryngeal3,11,3,0.7865168539325843,0.733011937557392,0.6985902985902985,8.359550561797754,0.5304366094324601,1.2103007482678703,5.245203018188477
Laryngeal3,11,5,0.7865168539325843,0.733011937557392,0.6985902985902985,8.359550561797754,0.5304366094324601,1.2103007482678703,5.245203018188477
Laryngeal3,11,7,0.7865168539325843,0.733011937557392,0.6985902985902985,8.359550561797754,0.5304366094324601,1.2103007482678703,5.245203018188477
Laryngeal3,12,1,0.6853932584269663,0.6571905238571905,0.6635808635808637,8.51685393258427,0.5053929199366551,1.2372659913609536,5.501841306686401
Laryngeal3,12,3,0.7078651685393258,0.6614239657717919,0.6561216561216562,8.51685393258427,0.5053929199366551,1.2372659913609536,5.501841306686401
Laryngeal3,12,5,0.7078651685393258,0.6678871090770405,0.6561216561216562,8.51685393258427,0.5053929199366551,1.2372659913609536,5.501841306686401
Laryngeal3,12,7,0.6966292134831461,0.6489715668481549,0.6304806304806304,8.51685393258427,0.5053929199366551,1.2372659913609536,5.501841306686401
Laryngeal3,13,1,0.6292134831460674,0.5644659151905529,0.5744477744477744,8.314606741573034,0.5071352150705527,1.3151890320724315,5.890956878662109
Laryngeal3,13,3,0.6179775280898876,0.5454357477345984,0.5585747585747586,8.314606741573034,0.5071352150705527,1.3151890320724315,5.890956878662109
Laryngeal3,13,5,0.651685393258427,0.5760572035081839,0.5865689865689866,8.314606741573034,0.5071352150705527,1.3151890320724315,5.890956878662109
Laryngeal3,13,7,0.6629213483146067,0.5819589491905875,0.5926295926295927,8.314606741573034,0.5071352150705527,1.3151890320724315,5.890956878662109
Laryngeal3,14,1,0.7078651685393258,0.6522679580306698,0.6365412365412365,8.50561797752809,0.5315945839153208,1.2756531506441953,5.84812331199646
Laryngeal3,14,3,0.6853932584269663,0.6087833281460733,0.6145632145632146,8.50561797752809,0.5315945839153208,1.2756531506441953,5.84812331199646
Laryngeal3,14,5,0.6966292134831461,0.6280127071087523,0.6304362304362304,8.50561797752809,0.5315945839153208,1.2756531506441953,5.84812331199646
Laryngeal3,14,7,0.7191011235955056,0.6709681023406513,0.6719502719502719,8.50561797752809,0.5315945839153208,1.2756531506441953,5.84812331199646
Laryngeal3,15,1,0.7640449438202247,0.7425889584566344,0.7648351648351648,8.415730337078651,0.5218919026143178,1.2428208174330464,5.546875715255737
Laryngeal3,15,3,0.7640449438202247,0.7286967418546366,0.7354423354423355,8.415730337078651,0.5218919026143178,1.2428208174330464,5.546875715255737
Laryngeal3,15,5,0.7528089887640449,0.7202092202092203,0.7293817293817294,8.415730337078651,0.5218919026143178,1.2428208174330464,5.546875715255737
Laryngeal3,15,7,0.7528089887640449,0.7134713727634082,0.7195693195693195,8.415730337078651,0.5218919026143178,1.2428208174330464,5.546875715255737
Laryngeal3,16,1,0.7078651685393258,0.6425213675213676,0.6364968364968364,8.314606741573034,0.5188889545003926,1.289448186252894,5.791383504867554
Laryngeal3,16,3,0.7303370786516854,0.6737179487179487,0.6681984681984682,8.314606741573034,0.5188889545003926,1.289448186252894,5.791383504867554
Laryngeal3,16,5,0.7303370786516854,0.6673038630027878,0.6681984681984682,8.314606741573034,0.5188889545003926,1.289448186252894,5.791383504867554
Laryngeal3,16,7,0.7415730337078652,0.6810559919064318,0.6742590742590742,8.314606741573034,0.5188889545003926,1.289448186252894,5.791383504867554
Laryngeal3,17,1,0.7191011235955056,0.6313185241016407,0.6425130425130424,8.314606741573034,0.5368517363258236,1.2045796721169117,5.17529559135437
Laryngeal3,17,3,0.7415730337078652,0.6597715107230842,0.6644466644466644,8.314606741573034,0.5368517363258236,1.2045796721169117,5.17529559135437
Laryngeal3,17,5,0.7528089887640449,0.659640905542545,0.6705072705072705,8.314606741573034,0.5368517363258236,1.2045796721169117,5.17529559135437
Laryngeal3,17,7,0.7528089887640449,0.6670753215468662,0.6705072705072705,8.314606741573034,0.5368517363258236,1.2045796721169117,5.17529559135437
Laryngeal3,18,1,0.6292134831460674,0.617242605100189,0.5843045843045843,8.393258426966293,0.5037704055719557,1.2219411791040655,5.5361363887786865
Laryngeal3,18,3,0.6292134831460674,0.5868875086266391,0.5549561549561549,8.393258426966293,0.5037704055719557,1.2219411791040655,5.5361363887786865
Laryngeal3,18,5,0.6629213483146067,0.6228750169998639,0.5927627927627928,8.393258426966293,0.5037704055719557,1.2219411791040655,5.5361363887786865
Laryngeal3,18,7,0.6629213483146067,0.6144927536231884,0.5927183927183927,8.393258426966293,0.5037704055719557,1.2219411791040655,5.5361363887786865
Laryngeal3,19,1,0.6966292134831461,0.6708728795685318,0.6695970695970695,8.224719101123595,0.5177248253767313,1.2551332752356368,5.693108797073364
Laryngeal3,19,3,0.6966292134831461,0.6655277274746302,0.6794094794094795,8.224719101123595,0.5177248253767313,1.2551332752356368,5.693108797073364
Laryngeal3,19,5,0.7078651685393258,0.6619820341929875,0.6756576756576756,8.224719101123595,0.5177248253767313,1.2551332752356368,5.693108797073364
Laryngeal3,19,7,0.6966292134831461,0.6431346431346431,0.6597846597846598,8.224719101123595,0.5177248253767313,1.2551332752356368,5.693108797073364
Liver,0,1,0.6666666666666666,0.6392106392106391,0.6397297297297297,8.436781609195402,0.502600669059555,1.0292215813165424,4.428400039672852
Liver,0,3,0.6896551724137931,0.668454481298518,0.6667567567567567,8.436781609195402,0.502600669059555,1.0292215813165424,4.428400039672852
Liver,0,5,0.6896551724137931,0.668454481298518,0.6667567567567567,8.436781609195402,0.502600669059555,1.0292215813165424,4.428400039672852
Liver,0,7,0.7011494252873564,0.6826599326599327,0.6802702702702703,8.436781609195402,0.502600669059555,1.0292215813165424,4.428400039672852
Liver,1,1,0.6551724137931034,0.6414835164835164,0.6402702702702703,8.310344827586206,0.49908432382910867,1.0367584941030918,4.61930775642395
Liver,1,3,0.6781609195402298,0.6620421753607103,0.6602702702702703,8.310344827586206,0.49908432382910867,1.0367584941030918,4.61930775642395
Liver,1,5,0.6781609195402298,0.6653846153846154,0.6637837837837838,8.310344827586206,0.49908432382910867,1.0367584941030918,4.61930775642395
Liver,1,7,0.6896551724137931,0.6723392383875018,0.6702702702702703,8.310344827586206,0.49908432382910867,1.0367584941030918,4.61930775642395
Liver,2,1,0.735632183908046,0.7263776835771913,0.7243243243243244,8.436781609195402,0.5091912837231584,0.9993558943956747,4.212670087814331
Liver,2,3,0.7126436781609196,0.6966104059143534,0.6937837837837837,8.436781609195402,0.5091912837231584,0.9993558943956747,4.212670087814331
Liver,2,5,0.7471264367816092,0.7344617092119867,0.7308108108108108,8.436781609195402,0.5091912837231584,0.9993558943956747,4.212670087814331
Liver,2,7,0.7471264367816092,0.7314814814814814,0.7272972972972973,8.436781609195402,0.5091912837231584,0.9993558943956747,4.212670087814331
Liver,3,1,0.6666666666666666,0.657805506578055,0.6572972972972972,8.241379310344827,0.4873219620001682,1.0092538937755016,4.365481376647949
Liver,3,3,0.6781609195402298,0.6653846153846154,0.6637837837837838,8.241379310344827,0.4873219620001682,1.0092538937755016,4.365481376647949
Liver,3,5,0.6896551724137931,0.675776397515528,0.6737837837837838,8.241379310344827,0.4873219620001682,1.0092538937755016,4.365481376647949
Liver,3,7,0.6666666666666666,0.65175983436853,0.6502702702702703,8.241379310344827,0.4873219620001682,1.0092538937755016,4.365481376647949
Liver,4,1,0.7471264367816092,0.7430182599355531,0.7448648648648648,8.275862068965518,0.49489540723544995,1.008147467141864,4.36654806137085
Liver,4,3,0.7586206896551724,0.7501709284835225,0.7478378378378379,8.275862068965518,0.49489540723544995,1.008147467141864,4.36654806137085
Liver,4,5,0.7816091954022989,0.7758036077580361,0.7748648648648648,8.275862068965518,0.49489540723544995,1.008147467141864,4.36654806137085
Liver,4,7,0.7701149425287356,0.7648648648648648,0.7648648648648648,8.275862068965518,0.49489540723544995,1.008147467141864,4.36654806137085
Liver,5,1,0.6551724137931034,0.6446078431372549,0.6437837837837838,8.35632183908046,0.5260395950113944,0.983094344193908,4.162662982940674
Liver,5,3,0.6551724137931034,0.6379023307436182,0.6367567567567567,8.35632183908046,0.5260395950113944,0.983094344193908,4.162662982940674
Liver,5,5,0.7011494252873564,0.6786931818181818,0.6767567567567567,8.35632183908046,0.5260395950113944,0.983094344193908,4.162662982940674
Liver,5,7,0.6896551724137931,0.6640926640926641,0.6632432432432432,8.35632183908046,0.5260395950113944,0.983094344193908,4.162662982940674
Liver,6,1,0.632183908045977,0.6209150326797386,0.6202702702702703,8.344827586206897,0.5004646693022541,1.0232964493762489,4.445051193237305
Liver,6,3,0.7586206896551724,0.745152740968057,0.7408108108108108,8.344827586206897,0.5004646693022541,1.0232964493762489,4.445051193237305
Liver,6,5,0.7471264367816092,0.7344617092119867,0.7308108108108108,8.344827586206897,0.5004646693022541,1.0232964493762489,4.445051193237305
Liver,6,7,0.7471264367816092,0.7344617092119867,0.7308108108108108,8.344827586206897,0.5004646693022541,1.0232964493762489,4.445051193237305
Liver,7,1,0.6896551724137931,0.6787911937645289,0.6772972972972973,8.367816091954023,0.5089793854876166,1.0417528947194417,4.520033836364746
Liver,7,3,0.735632183908046,0.7238095238095238,0.7208108108108108,8.367816091954023,0.5089793854876166,1.0417528947194417,4.520033836364746
Liver,7,5,0.7011494252873564,0.6861820199778025,0.6837837837837838,8.367816091954023,0.5089793854876166,1.0417528947194417,4.520033836364746
Liver,7,7,0.7126436781609196,0.6966104059143534,0.6937837837837837,8.367816091954023,0.5089793854876166,1.0417528947194417,4.520033836364746
Liver,8,1,0.6781609195402298,0.6653846153846154,0.6637837837837838,8.183908045977011,0.4997827891359383,1.0926083833321758,4.7140326499938965
Liver,8,3,0.6666666666666666,0.65175983436853,0.6502702702702703,8.183908045977011,0.4997827891359383,1.0926083833321758,4.7140326499938965
Liver,8,5,0.6781609195402298,0.6620421753607103,0.6602702702702703,8.183908045977011,0.4997827891359383,1.0926083833321758,4.7140326499938965
Liver,8,7,0.6896551724137931,0.6723392383875018,0.6702702702702703,8.183908045977011,0.4997827891359383,1.0926083833321758,4.7140326499938965
Liver,9,1,0.6091954022988506,0.5972222222222222,0.5967567567567568,8.275862068965518,0.5093409202771185,1.0423425011251164,4.5769593715667725
Liver,9,3,0.632183908045977,0.6209150326797386,0.6202702702702703,8.275862068965518,0.5093409202771185,1.0423425011251164,4.5769593715667725
Liver,9,5,0.632183908045977,0.6209150326797386,0.6202702702702703,8.275862068965518,0.5093409202771185,1.0423425011251164,4.5769593715667725
Liver,9,7,0.6436781609195402,0.6312047039518666,0.6302702702702703,8.275862068965518,0.5093409202771185,1.0423425011251164,4.5769593715667725
Liver,10,1,0.6666666666666666,0.64806807086065,0.6467567567567567,8.448275862068966,0.5202877690340918,1.025127487621088,4.457406282424927
Liver,10,3,0.7126436781609196,0.6930134086097389,0.6902702702702703,8.448275862068966,0.5202877690340918,1.025127487621088,4.457406282424927
Liver,10,5,0.7126436781609196,0.6930134086097389,0.6902702702702703,8.448275862068966,0.5202877690340918,1.025127487621088,4.457406282424927
Liver,10,7,0.7241379310344828,0.6993087557603687,0.6967567567567567,8.448275862068966,0.5202877690340918,1.025127487621088,4.457406282424927
Liver,11,1,0.632183908045977,0.6209150326797386,0.6202702702702703,8.241379310344827,0.49054325403045324,1.048123236360221,4.504209995269775
Liver,11,3,0.6436781609195402,0.6143286143286143,0.6162162162162163,8.241379310344827,0.49054325403045324,1.048123236360221,4.504209995269775
Liver,11,5,0.6666666666666666,0.6392106392106391,0.6397297297297297,8.241379310344827,0.49054325403045324,1.048123236360221,4.504209995269775
Liver,11,7,0.6436781609195402,0.6087334977513419,0.6127027027027027,8.241379310344827,0.49054325403045324,1.048123236360221,4.504209995269775
Liver,12,1,0.7011494252873564,0.6786931818181818,0.6767567567567567,8.425287356321839,0.5211779713658161,1.0019919324195248,4.328120946884155
Liver,12,3,0.6896551724137931,0.6592194980414914,0.6597297297297298,8.425287356321839,0.5211779713658161,1.0019919324195248,4.328120946884155
Liver,12,5,0.7011494252873564,0.6742511520737328,0.6732432432432433,8.425287356321839,0.5211779713658161,1.0019919324195248,4.328120946884155
Liver,12,7,0.7011494252873564,0.6692982456140351,0.6697297297297298,8.425287356321839,0.5211779713658161,1.0019919324195248,4.328120946884155
Liver,13,1,0.632183908045977,0.6094276094276094,0.6097297297297297,8.528735632183908,0.5119815012162222,0.9954842808602871,4.235093355178833
Liver,13,3,0.632183908045977,0.6137624861265261,0.6132432432432433,8.528735632183908,0.5119815012162222,0.9954842808602871,4.235093355178833
Liver,13,5,0.6436781609195402,0.6277432712215321,0.6267567567567567,8.528735632183908,0.5119815012162222,0.9954842808602871,4.235093355178833
Liver,13,7,0.6781609195402298,0.6582491582491583,0.6567567567567567,8.528735632183908,0.5119815012162222,0.9954842808602871,4.235093355178833
Liver,14,1,0.632183908045977,0.6237837837837839,0.6237837837837839,8.241379310344827,0.5032400718657166,1.0243866827296115,4.370668649673462
Liver,14,3,0.7126436781609196,0.6966104059143534,0.6937837837837837,8.241379310344827,0.5032400718657166,1.0243866827296115,4.370668649673462
Liver,14,5,0.735632183908046,0.7208815734412052,0.7172972972972973,8.241379310344827,0.5032400718657166,1.0243866827296115,4.370668649673462
Liver,14,7,0.7471264367816092,0.7314814814814814,0.7272972972972973,8.241379310344827,0.5032400718657166,1.0243866827296115,4.370668649673462
Liver,15,1,0.7126436781609196,0.6997929606625258,0.6972972972972973,8.241379310344827,0.5114374300792881,1.039957778207187,4.486447334289551
Liver,15,3,0.7011494252873564,0.6826599326599327,0.6802702702702703,8.241379310344827,0.5114374300792881,1.039957778207187,4.486447334289551
Liver,15,5,0.6896551724137931,0.6640926640926641,0.6632432432432432,8.241379310344827,0.5114374300792881,1.039957778207187,4.486447334289551
Liver,15,7,0.6896551724137931,0.6640926640926641,0.6632432432432432,8.241379310344827,0.5114374300792881,1.039957778207187,4.486447334289551
Liver,16,1,0.7126436781609196,0.7050047470500475,0.7043243243243243,8.448275862068966,0.5102770576482252,1.0633178277947437,4.456057071685791
Liver,16,3,0.6896551724137931,0.6814051268140513,0.6808108108108109,8.448275862068966,0.5102770576482252,1.0633178277947437,4.456057071685791
Liver,16,5,0.7011494252873564,0.6943243243243243,0.6943243243243243,8.448275862068966,0.5102770576482252,1.0633178277947437,4.456057071685791
Liver,16,7,0.7241379310344828,0.7156862745098038,0.7143243243243244,8.448275862068966,0.5102770576482252,1.0633178277947437,4.456057071685791
Liver,17,1,0.6896551724137931,0.65379513633014,0.6562162162162162,8.344827586206897,0.5019029506044247,1.0738745366019764,4.522849798202515
Liver,17,3,0.7126436781609196,0.679439941046426,0.6797297297297298,8.344827586206897,0.5019029506044247,1.0738745366019764,4.522849798202515
Liver,17,5,0.7126436781609196,0.6844624981865661,0.6832432432432433,8.344827586206897,0.5019029506044247,1.0738745366019764,4.522849798202515
Liver,17,7,0.7126436781609196,0.6844624981865661,0.6832432432432433,8.344827586206897,0.5019029506044247,1.0738745366019764,4.522849798202515
Liver,18,1,0.7126436781609196,0.6997929606625258,0.6972972972972973,8.28735632183908,0.5109272197427844,1.00361478465727,4.46177077293396
Liver,18,3,0.7241379310344828,0.7103218645948945,0.7072972972972973,8.28735632183908,0.5109272197427844,1.00361478465727,4.46177077293396
Liver,18,5,0.7126436781609196,0.6889746889746889,0.6867567567567567,8.28735632183908,0.5109272197427844,1.00361478465727,4.46177077293396
Liver,18,7,0.7011494252873564,0.6826599326599327,0.6802702702702703,8.28735632183908,0.5109272197427844,1.00361478465727,4.46177077293396
Liver,19,1,0.5632183908045977,0.523905529953917,0.5321621621621622,8.448275862068966,0.5134436393443811,1.042097776785664,4.536287069320679
Liver,19,3,0.632183908045977,0.6045454545454545,0.6062162162162162,8.448275862068966,0.5134436393443811,1.042097776785664,4.536287069320679
Liver,19,5,0.6781609195402298,0.6539772727272728,0.6532432432432432,8.448275862068966,0.5134436393443811,1.042097776785664,4.536287069320679
Liver,19,7,0.6666666666666666,0.6392106392106391,0.6397297297297297,8.448275862068966,0.5134436393443811,1.042097776785664,4.536287069320679
Magic,0,1,0.8119873817034701,0.7788342636476506,0.7644078035592623,8.286435331230283,0.6279043304119908,0.9421498665674252,142.03600430488586
Magic,0,3,0.8115667718191377,0.7777411445563149,0.7629885372322678,8.286435331230283,0.6279043304119908,0.9421498665674252,142.03600430488586
Magic,0,5,0.8079915878023134,0.7747784016071179,0.7610526626181235,8.286435331230283,0.6279043304119908,0.9421498665674252,142.03600430488586
Magic,0,7,0.8065194532071503,0.773692126104173,0.7604648582208033,8.286435331230283,0.6279043304119908,0.9421498665674252,142.03600430488586
Magic,1,1,0.8159831756046267,0.7845594143257549,0.7705002118423769,8.28117770767613,0.627752307643879,0.9442234222821256,142.3536241054535
Magic,1,3,0.8174553101997897,0.7857572656926752,0.7712248796067958,8.28117770767613,0.627752307643879,0.9442234222821256,142.3536241054535
Magic,1,5,0.8168243953732913,0.7850575975503156,0.7706014771543904,8.28117770767613,0.627752307643879,0.9442234222821256,142.3536241054535
Magic,1,7,0.8159831756046267,0.7840704912244847,0.7696790316397841,8.28117770767613,0.627752307643879,0.9442234222821256,142.3536241054535
Magic,2,1,0.8168243953732913,0.7865015708992961,0.7730650177621685,8.28496319663512,0.6292056539768534,0.9456731138419905,142.62060356140137
Magic,2,3,0.8203995793901157,0.7900844134871348,0.7759589359460043,8.28496319663512,0.6292056539768534,0.9456731138419905,142.62060356140137
Magic,2,5,0.8166140904311251,0.7865319865319865,0.7733134281683627,8.28496319663512,0.6292056539768534,0.9456731138419905,142.62060356140137
Magic,2,7,0.8151419558359622,0.7849368501923462,0.7719044435684499,8.28496319663512,0.6292056539768534,0.9456731138419905,142.62060356140137
Magic,3,1,0.8168243953732913,0.7844829133861833,0.7696434335846989,8.287066246056783,0.6283938216753169,0.9435015538513473,142.25866413116455
Magic,3,3,0.8168243953732913,0.7851390884992329,0.7707383405214892,8.287066246056783,0.6283938216753169,0.9435015538513473,142.25866413116455
Magic,3,5,0.8151419558359622,0.7836558730591883,0.7697146296948694,8.287066246056783,0.6283938216753169,0.9435015538513473,142.25866413116455
Magic,3,7,0.8138801261829653,0.7821791213394558,0.7683309614229601,8.287066246056783,0.6283938216753169,0.9435015538513473,142.25866413116455
Magic,4,1,0.8138801261829653,0.7805970567130416,0.765730557448083,8.31230283911672,0.6281566170905345,0.9420290294129766,142.00737023353577
Magic,4,3,0.8113564668769716,0.7775361322179355,0.7628263575371655,8.31230283911672,0.6281566170905345,0.9420290294129766,142.00737023353577
Magic,4,5,0.8065194532071503,0.7716993633509059,0.7573170007775314,8.31230283911672,0.6281566170905345,0.9420290294129766,142.00737023353577
Magic,4,7,0.8060988433228181,0.7716444768727079,0.7575400948557222,8.31230283911672,0.6281566170905345,0.9420290294129766,142.00737023353577
Magic,5,1,0.8199789695057834,0.7899061115256495,0.7760451666570962,8.31062039957939,0.6268694839552876,0.9356264902590201,141.12612080574036
Magic,5,3,0.8166140904311251,0.7855798026884904,0.7716710677631773,8.31062039957939,0.6268694839552876,0.9356264902590201,141.12612080574036
Magic,5,5,0.8159831756046267,0.784234070037368,0.7699527583739818,8.31062039957939,0.6268694839552876,0.9356264902590201,141.12612080574036
Magic,5,7,0.8128286014721346,0.7807423389473354,0.7668357461119553,8.31062039957939,0.6268694839552876,0.9356264902590201,141.12612080574036
Magic,6,1,0.8191377497371188,0.7884513352712921,0.7743015409398972,8.311882229232387,0.6271895117621465,0.9428017155981214,142.2379868030548
Magic,6,3,0.8195583596214511,0.7897269525785131,0.7761313973681883,8.311882229232387,0.6271895117621465,0.9428017155981214,142.2379868030548
Magic,6,5,0.8168243953732913,0.7875148611411602,0.7748442415344527,8.311882229232387,0.6271895117621465,0.9428017155981214,142.2379868030548
Magic,6,7,0.814931650893796,0.7850460606777923,0.7722897173417429,8.311882229232387,0.6271895117621465,0.9428017155981214,142.2379868030548
Magic,7,1,0.817875920084122,0.7875306179058714,0.7738759162376794,8.298002103049422,0.6253827268318448,0.9411232227281315,141.88366031646729
Magic,7,3,0.8182965299684543,0.7869868431586209,0.7725579152226983,8.298002103049422,0.6253827268318448,0.9411232227281315,141.88366031646729
Magic,7,5,0.8185068349106204,0.7871125526691596,0.7725832315507017,8.298002103049422,0.6253827268318448,0.9411232227281315,141.88366031646729
Magic,7,7,0.8182965299684543,0.7868254703588027,0.7722841884885008,8.298002103049422,0.6253827268318448,0.9411232227281315,141.88366031646729
Magic,8,1,0.8086225026288117,0.7758996331984983,0.7623603819060227,8.280546792849632,0.6280210829947239,0.9424720825331695,142.0721733570099
Magic,8,3,0.8145110410094637,0.7820530276259172,0.7675857302043775,8.280546792849632,0.6280210829947239,0.9424720825331695,142.0721733570099
Magic,8,5,0.8126182965299684,0.780537336088903,0.766673566416853,8.280546792849632,0.6280210829947239,0.9424720825331695,142.0721733570099
Magic,8,7,0.8113564668769716,0.7789761693472642,0.7651530347778448,8.280546792849632,0.6280210829947239,0.9424720825331695,142.0721733570099
Magic,9,1,0.8185068349106204,0.7833269065491368,0.7664243800312565,8.297371188222924,0.628364203981152,0.9427310542478672,142.19137048721313
Magic,9,3,0.8182965299684543,0.7826791646389201,0.7655778835006604,8.297371188222924,0.628364203981152,0.9427310542478672,142.19137048721313
Magic,9,5,0.816403785488959,0.7819554914729415,0.765897490017025,8.297371188222924,0.628364203981152,0.9427310542478672,142.19137048721313
Magic,9,7,0.816403785488959,0.7827283052162448,0.7671292603209141,8.297371188222924,0.628364203981152,0.9427310542478672,142.19137048721313
Magic,10,1,0.8187171398527865,0.7879593616323881,0.7738403181825941,8.278443743427971,0.6286486463663143,0.9430759996520482,142.2723343372345
Magic,10,3,0.819348054679285,0.7894429958696847,0.7758323543059873,8.278443743427971,0.6286486463663143,0.9430759996520482,142.2723343372345
Magic,10,5,0.8145110410094637,0.7851808044019518,0.7729234015212301,8.278443743427971,0.6286486463663143,0.9430759996520482,142.2723343372345
Magic,10,7,0.8115667718191377,0.7823948012722238,0.7707897491568985,8.278443743427971,0.6286486463663143,0.9430759996520482,142.2723343372345
Magic,11,1,0.8229232386961094,0.7945523276793158,0.7814635398317987,8.281388012618297,0.626489301453057,0.9393658073918677,141.57012844085693
Magic,11,3,0.8231335436382755,0.7938551333252675,0.7799833591217156,8.281388012618297,0.626489301453057,0.9393658073918677,141.57012844085693
Magic,11,5,0.8195583596214511,0.7896492406152953,0.7759945340010894,8.281388012618297,0.626489301453057,0.9393658073918677,141.57012844085693
Magic,11,7,0.8220820189274448,0.7925912092780185,0.7787618705449082,8.281388012618297,0.626489301453057,0.9393658073918677,141.57012844085693
Magic,12,1,0.8151419558359622,0.7839796894718212,0.7702620831632645,8.298002103049422,0.6263127648522672,0.9362131654777487,141.27181315422058
Magic,12,3,0.8195583596214511,0.7893369472856734,0.7754470805326943,8.298002103049422,0.6263127648522672,0.9362131654777487,141.27181315422058
Magic,12,5,0.8189274447949527,0.7887181551988286,0.7749605414473879,8.298002103049422,0.6263127648522672,0.9362131654777487,141.27181315422058
Magic,12,7,0.8170347003154574,0.7870998082645118,0.7739115142927646,8.298002103049422,0.6263127648522672,0.9362131654777487,141.27181315422058
Magic,13,1,0.8103049421661409,0.7789437193774114,0.7659844967075193,8.292954784437434,0.6283502801089005,0.9438724043993544,142.3236711025238
Magic,13,3,0.8147213459516298,0.7841301045943443,0.7708957673427517,8.292954784437434,0.6283502801089005,0.9438724043993544,142.3236711025238
Magic,13,5,0.8145110410094637,0.784083958854601,0.771007314381847,8.292954784437434,0.6283502801089005,0.9438724043993544,142.3236711025238
Magic,13,7,0.8124079915878023,0.7820354173304418,0.7693855174308253,8.292954784437434,0.6283502801089005,0.9438724043993544,142.3236711025238
Magic,14,1,0.8136698212407991,0.7807293210729858,0.766115831221376,8.294426919032597,0.6273878049811696,0.9411437190042811,141.95844674110413
Magic,14,3,0.8168243953732913,0.7864226082761965,0.7729281543950697,8.294426919032597,0.6273878049811696,0.9411437190042811,141.95844674110413
Magic,14,5,0.8153522607781283,0.7853780345518082,0.7724772133648484,8.294426919032597,0.6273878049811696,0.9411437190042811,141.95844674110413
Magic,14,7,0.8121976866456362,0.7819103205791913,0.769360201102822,8.294426919032597,0.6273878049811696,0.9411437190042811,141.95844674110413
Magic,15,1,0.8140904311251315,0.783594353319124,0.7705460916245439,8.28664563617245,0.6274207082200617,0.938347000027806,141.57425737380981
Magic,15,3,0.816403785488959,0.7871810348129062,0.7746567455113471,8.28664563617245,0.6274207082200617,0.938347000027806,141.57425737380981
Magic,15,5,0.8185068349106204,0.7891601627276524,0.7761416790952701,8.28664563617245,0.6274207082200617,0.938347000027806,141.57425737380981
Magic,15,7,0.8166140904311251,0.7870001873989032,0.7741346083709554,8.28664563617245,0.6274207082200617,0.938347000027806,141.57425737380981
Magic,16,1,0.8077812828601472,0.7755038220556039,0.762395979961108,8.270031545741325,0.6285024349040305,0.9429461238010699,142.19260382652283
Magic,16,3,0.8090431125131441,0.7777190868933987,0.7650114185369064,8.270031545741325,0.6285024349040305,0.9429461238010699,142.19260382652283
Magic,16,5,0.8092534174553102,0.7775950696974858,0.7646261447636133,8.270031545741325,0.6285024349040305,0.9429461238010699,142.19260382652283
Magic,16,7,0.8073606729758149,0.7750125831541939,0.7619347572038048,8.270031545741325,0.6285024349040305,0.9429461238010699,142.19260382652283
Magic,17,1,0.8170347003154574,0.7870998082645118,0.7739115142927646,8.271293375394322,0.6285718933031762,0.9364135151531168,141.23700881004333
Magic,17,3,0.816403785488959,0.7862478861603537,0.7730143851061617,8.271293375394322,0.6285718933031762,0.9364135151531168,141.23700881004333
Magic,17,5,0.8132492113564669,0.7837194493298563,0.7715397332493206,8.271293375394322,0.6285718933031762,0.9364135151531168,141.23700881004333
Magic,17,7,0.8111461619348055,0.7809677452448858,0.7686861659944099,8.271293375394322,0.6285718933031762,0.9364135151531168,141.23700881004333
Magic,18,1,0.8119873817034701,0.7781513378649021,0.763312896622472,8.301787592008413,0.6281596764072438,0.9404828214494964,141.74914026260376
Magic,18,3,0.8117770767613038,0.7787139423020677,0.7643824872312589,8.301787592008413,0.6281596764072438,0.9404828214494964,141.74914026260376
Magic,18,5,0.813459516298633,0.7808592838509755,0.7665011049946691,8.301787592008413,0.6281596764072438,0.9404828214494964,141.74914026260376
Magic,18,7,0.8128286014721346,0.7806596087153383,0.7666988827448564,8.301787592008413,0.6281596764072438,0.9404828214494964,141.74914026260376
Magic,19,1,0.8155625657202944,0.7830814185599829,0.7683966286798883,8.30031545741325,0.6296744975796343,0.9441327212862162,142.47195100784302
Magic,19,3,0.8161934805467929,0.7840298709127569,0.76943062123359,8.30031545741325,0.6296744975796343,0.9441327212862162,142.47195100784302
Magic,19,5,0.8151419558359622,0.7830833848986537,0.7687565861251779,8.30031545741325,0.6296744975796343,0.9441327212862162,142.47195100784302
Magic,19,7,0.8145110410094637,0.7823017377199766,0.7679963203056739,8.30031545741325,0.6296744975796343,0.9441327212862162,142.47195100784302
Mammographic,0,1,0.8269230769230769,0.8263450834879407,0.8259461460164708,8.245192307692308,0.6034420753163091,1.0169320427454436,8.200713396072388
Mammographic,0,3,0.8269230769230769,0.8266666666666667,0.8265013417229574,8.245192307692308,0.6034420753163091,1.0169320427454436,8.200713396072388
Mammographic,0,5,0.8221153846153846,0.821913687377068,0.8218284445266957,8.245192307692308,0.6034420753163091,1.0169320427454436,8.200713396072388
Mammographic,0,7,0.8221153846153846,0.821913687377068,0.8218284445266957,8.245192307692308,0.6034420753163091,1.0169320427454436,8.200713396072388
Mammographic,1,1,0.7451923076923077,0.7451392902554618,0.7462292958267789,8.259615384615385,0.6142750446993978,0.9785845703803576,7.9995341300964355
Mammographic,1,3,0.7548076923076923,0.7548020248249081,0.7555750902193024,8.259615384615385,0.6142750446993978,0.9785845703803576,7.9995341300964355
Mammographic,1,5,0.7548076923076923,0.754665926594047,0.7561302859257888,8.259615384615385,0.6142750446993978,0.9785845703803576,7.9995341300964355
Mammographic,1,7,0.7548076923076923,0.754665926594047,0.7561302859257888,8.259615384615385,0.6142750446993978,0.9785845703803576,7.9995341300964355
Mammographic,2,1,0.75,0.7499768839574665,0.7503469973165541,8.451923076923077,0.6217315871797193,1.0013344138860703,8.132878065109253
Mammographic,2,3,0.75,0.7499768839574665,0.7509021930230406,8.451923076923077,0.6217315871797193,1.0013344138860703,8.132878065109253
Mammographic,2,5,0.7548076923076923,0.7547566755288406,0.7558526880725456,8.451923076923077,0.6217315871797193,1.0013344138860703,8.132878065109253
Mammographic,2,7,0.7548076923076923,0.754665926594047,0.7561302859257888,8.451923076923077,0.6217315871797193,1.0013344138860703,8.132878065109253
Mammographic,3,1,0.8076923076923077,0.8076923076923077,0.8083649486443971,8.307692307692308,0.6112715140482619,0.995317382308153,8.174184799194336
Mammographic,3,3,0.8076923076923077,0.8075321550846674,0.8075321550846674,8.307692307692308,0.6112715140482619,0.995317382308153,8.174184799194336
Mammographic,3,5,0.8221153846153846,0.821913687377068,0.8218284445266957,8.307692307692308,0.6112715140482619,0.995317382308153,8.174184799194336
Mammographic,3,7,0.8365384615384616,0.8364023318219672,0.8364023318219672,8.307692307692308,0.6112715140482619,0.995317382308153,8.174184799194336
Mammographic,4,1,0.8221153846153846,0.8214177978883861,0.8209956509669658,8.341346153846153,0.6110390206963316,1.0059492851679142,8.217845678329468
Mammographic,4,3,0.8413461538461539,0.8410485607762314,0.8407976311649856,8.341346153846153,0.6110390206963316,1.0059492851679142,8.217845678329468
Mammographic,4,5,0.8461538461538461,0.845925925925926,0.8457481262144906,8.341346153846153,0.6110390206963316,1.0059492851679142,8.217845678329468
Mammographic,4,7,0.8413461538461539,0.8410485607762314,0.8407976311649856,8.341346153846153,0.6110390206963316,1.0059492851679142,8.217845678329468
Mammographic,5,1,0.8028846153846154,0.8021116138763198,0.8017488664754326,8.317307692307692,0.590974138816339,1.0154902717241874,8.258810997009277
Mammographic,5,3,0.8076923076923077,0.8068171264047552,0.8064217636716943,8.317307692307692,0.590974138816339,1.0154902717241874,8.258810997009277
Mammographic,5,5,0.8076923076923077,0.8068171264047552,0.8064217636716943,8.317307692307692,0.590974138816339,1.0154902717241874,8.258810997009277
Mammographic,5,7,0.8125,0.8115197843816073,0.8110946608679559,8.317307692307692,0.590974138816339,1.0154902717241874,8.258810997009277
Mammographic,6,1,0.8413461538461539,0.8413131429892498,0.8416304247247155,8.173076923076923,0.608842026794644,1.0125569724119627,8.259841442108154
Mammographic,6,3,0.8317307692307693,0.8317268797817997,0.832284630332192,8.173076923076923,0.608842026794644,1.0125569724119627,8.259841442108154
Mammographic,6,5,0.8317307692307693,0.8317268797817997,0.832284630332192,8.173076923076923,0.608842026794644,1.0125569724119627,8.259841442108154
Mammographic,6,7,0.8269230769230769,0.8269070735090153,0.8278893309891737,8.173076923076923,0.608842026794644,1.0125569724119627,8.259841442108154
Mammographic,7,1,0.8028846153846154,0.8027706468697241,0.8028592578884057,8.389423076923077,0.6049845733205526,1.0679711390000124,8.596299648284912
Mammographic,7,3,0.8125,0.8123915909248596,0.8124826501341723,8.389423076923077,0.6049845733205526,1.0679711390000124,8.596299648284912
Mammographic,7,5,0.8173076923076923,0.8173076923076923,0.8179883408901638,8.389423076923077,0.6049845733205526,1.0679711390000124,8.596299648284912
Mammographic,7,7,0.8221153846153846,0.8220783724424922,0.8223836402331821,8.389423076923077,0.6049845733205526,1.0679711390000124,8.596299648284912
Mammographic,8,1,0.8365384615384616,0.8362962962962963,0.8383455167946701,8.33173076923077,0.592817337482804,0.9840846485816516,8.053601264953613
Mammographic,8,3,0.8221153846153846,0.8217817196581988,0.8240492273526419,8.33173076923077,0.592817337482804,0.9840846485816516,8.053601264953613
Mammographic,8,5,0.8221153846153846,0.821913687377068,0.8237716294993985,8.33173076923077,0.592817337482804,0.9840846485816516,8.053601264953613
Mammographic,8,7,0.8317307692307693,0.8315399745458754,0.8333950217451651,8.33173076923077,0.592817337482804,0.9840846485816516,8.053601264953613
Mammographic,9,1,0.7644230769230769,0.7643740608022194,0.7646432867585824,8.322115384615385,0.6141622615551466,0.9739431589841843,7.7267067432403564
Mammographic,9,3,0.7644230769230769,0.7643740608022194,0.7646432867585824,8.322115384615385,0.6141622615551466,0.9739431589841843,7.7267067432403564
Mammographic,9,5,0.7644230769230769,0.7643740608022194,0.7646432867585824,8.322115384615385,0.6141622615551466,0.9739431589841843,7.7267067432403564
Mammographic,9,7,0.7692307692307693,0.7692094313453537,0.7695937818080874,8.322115384615385,0.6141622615551466,0.9739431589841843,7.7267067432403564
Mammographic,10,1,0.8365384615384616,0.8365384615384616,0.837235125381697,8.25,0.6116070884340016,0.9853017192620498,7.950093746185303
Mammographic,10,3,0.8413461538461539,0.8413424866514111,0.8419080225779587,8.25,0.6116070884340016,0.9853017192620498,7.950093746185303
Mammographic,10,5,0.8461538461538461,0.8461538461538461,0.8468585176274637,8.25,0.6116070884340016,0.9853017192620498,7.950093746185303
Mammographic,10,7,0.8461538461538461,0.8461396208969024,0.8465809197742205,8.25,0.6116070884340016,0.9853017192620498,7.950093746185303
Mammographic,11,1,0.8076923076923077,0.8075321550846674,0.8075321550846674,8.274038461538462,0.6235364712379933,0.9842627484064835,7.827698230743408
Mammographic,11,3,0.8076923076923077,0.8076923076923077,0.8083649486443971,8.274038461538462,0.6235364712379933,0.9842627484064835,7.827698230743408
Mammographic,11,5,0.8076923076923077,0.807674526121128,0.8080873507911539,8.274038461538462,0.6235364712379933,0.9842627484064835,7.827698230743408
Mammographic,11,7,0.8125,0.8124956660425768,0.8130378458406589,8.274038461538462,0.6235364712379933,0.9842627484064835,7.827698230743408
Mammographic,12,1,0.8269230769230769,0.8267789395762006,0.8267789395762006,8.307692307692308,0.5890737652731146,1.0775179301316922,8.606133222579956
Mammographic,12,3,0.8413461538461539,0.8413424866514111,0.8419080225779587,8.307692307692308,0.5890737652731146,1.0775179301316922,8.606133222579956
Mammographic,12,5,0.8317307692307693,0.8317268797817997,0.8325622281854353,8.307692307692308,0.5890737652731146,1.0775179301316922,8.606133222579956
Mammographic,12,7,0.8269230769230769,0.8269070735090153,0.8278893309891737,8.307692307692308,0.5890737652731146,1.0775179301316922,8.606133222579956
Mammographic,13,1,0.8125,0.8117647058823529,0.8113722587211992,8.548076923076923,0.5965050079062549,0.9624209266442519,7.864977598190308
Mammographic,13,3,0.7836538461538461,0.7828054298642534,0.7825020819838993,8.548076923076923,0.5965050079062549,0.9624209266442519,7.864977598190308
Mammographic,13,5,0.7932692307692307,0.7926894281807013,0.7924030720829092,8.548076923076923,0.5965050079062549,0.9624209266442519,7.864977598190308
Mammographic,13,7,0.7932692307692307,0.7926894281807013,0.7924030720829092,8.548076923076923,0.5965050079062549,0.9624209266442519,7.864977598190308
Mammographic,14,1,0.8317307692307693,0.8316334790351303,0.8317294346257056,8.192307692307692,0.5973726157808994,1.0258504519095788,8.2446129322052
Mammographic,14,3,0.8269230769230769,0.8269070735090153,0.8273341352826871,8.192307692307692,0.5973726157808994,1.0258504519095788,8.2446129322052
Mammographic,14,5,0.8509615384615384,0.8509305282626286,0.8512538169704821,8.192307692307692,0.5973726157808994,1.0258504519095788,8.2446129322052
Mammographic,14,7,0.8413461538461539,0.8413424866514111,0.8419080225779587,8.192307692307692,0.5973726157808994,1.0258504519095788,8.2446129322052
Mammographic,15,1,0.7740384615384616,0.7740332385641311,0.7745442768575923,8.322115384615385,0.621773962741951,1.0260538997558446,8.31724500656128
Mammographic,15,3,0.7788461538461539,0.7788461538461539,0.7794947719070973,8.322115384615385,0.621773962741951,1.0260538997558446,8.31724500656128
Mammographic,15,5,0.7932692307692307,0.7932262166223558,0.7943462570556121,8.322115384615385,0.621773962741951,1.0260538997558446,8.31724500656128
Mammographic,15,7,0.7932692307692307,0.7932262166223558,0.7943462570556121,8.322115384615385,0.621773962741951,1.0260538997558446,8.31724500656128
Mammographic,16,1,0.8028846153846154,0.8025148785401663,0.8023040621819191,8.288461538461538,0.5993842398701439,0.9918618832643216,8.149669647216797
Mammographic,16,3,0.8076923076923077,0.807246779723844,0.8069769593781808,8.288461538461538,0.5993842398701439,0.9918618832643216,8.149669647216797
Mammographic,16,5,0.8076923076923077,0.8074074074074074,0.807254557231424,8.288461538461538,0.5993842398701439,0.9918618832643216,8.149669647216797
Mammographic,16,7,0.7980769230769231,0.7977777777777778,0.7976311649856574,8.288461538461538,0.5993842398701439,0.9918618832643216,8.149669647216797
Mammographic,17,1,0.7596153846153846,0.7594151938558342,0.7610807809752937,8.173076923076923,0.6128462217648344,0.957462510237327,7.64605975151062
Mammographic,17,3,0.7740384615384616,0.7737822515330325,0.7756546682705654,8.173076923076923,0.6128462217648344,0.957462510237327,7.64605975151062
Mammographic,17,5,0.7788461538461539,0.7786619783473674,0.780327565466827,8.173076923076923,0.6128462217648344,0.957462510237327,7.64605975151062
Mammographic,17,7,0.7740384615384616,0.7739078147043179,0.7753770704173221,8.173076923076923,0.6128462217648344,0.957462510237327,7.64605975151062
Mammographic,18,1,0.8365384615384616,0.8361597627652674,0.8386231146479134,8.341346153846153,0.609666743953694,1.0305496477163756,8.240521669387817
Mammographic,18,3,0.8413461538461539,0.8412544230902657,0.8427408161376886,8.341346153846153,0.609666743953694,1.0305496477163756,8.240521669387817
Mammographic,18,5,0.8461538461538461,0.8460969293377729,0.8474137133339502,8.341346153846153,0.609666743953694,1.0305496477163756,8.240521669387817
Mammographic,18,7,0.8461538461538461,0.8460969293377729,0.8474137133339502,8.341346153846153,0.609666743953694,1.0305496477163756,8.240521669387817
Mammographic,19,1,0.8125,0.8117647058823529,0.8113722587211992,8.403846153846153,0.6161249451774022,0.988802419258998,7.98830509185791
Mammographic,19,3,0.7980769230769231,0.797157982724993,0.7967983714259277,8.403846153846153,0.6161249451774022,0.988802419258998,7.98830509185791
Mammographic,19,5,0.8028846153846154,0.8018541322986129,0.8014712686221893,8.403846153846153,0.6161249451774022,0.988802419258998,7.98830509185791
Mammographic,19,7,0.8028846153846154,0.8018541322986129,0.8014712686221893,8.403846153846153,0.6161249451774022,0.988802419258998,7.98830509185791
Monk2,0,1,0.8055555555555556,0.8054054054054054,0.8065015479876161,8.37962962962963,0.4354472940571374,1.0274916997662298,5.027025938034058
Monk2,0,3,0.8333333333333334,0.8332761578044596,0.8369453044375645,8.37962962962963,0.4354472940571374,1.0274916997662298,5.027025938034058
Monk2,0,5,0.8055555555555556,0.8055388836491468,0.8085655314757483,8.37962962962963,0.4354472940571374,1.0274916997662298,5.027025938034058
Monk2,0,7,0.7962962962962963,0.7962962962962963,0.7987616099071208,8.37962962962963,0.4354472940571374,1.0274916997662298,5.027025938034058
Monk2,1,1,0.8796296296296297,0.8795366795366795,0.8839009287925697,8.564814814814815,0.43920358142501204,1.0245717763900757,5.053597927093506
Monk2,1,3,0.8703703703703703,0.8703259005145798,0.8740970072239422,8.564814814814815,0.43920358142501204,1.0245717763900757,5.053597927093506
Monk2,1,5,0.8796296296296297,0.8796193089256623,0.8828689370485037,8.564814814814815,0.43920358142501204,1.0245717763900757,5.053597927093506
Monk2,1,7,0.8796296296296297,0.8796193089256623,0.8828689370485037,8.564814814814815,0.43920358142501204,1.0245717763900757,5.053597927093506
Monk2,2,1,0.8148148148148148,0.8147512864493998,0.8163054695562435,8.222222222222221,0.4333088344007483,1.004972634492097,5.093844413757324
Monk2,2,3,0.8055555555555556,0.8054054054054054,0.8065015479876161,8.222222222222221,0.4333088344007483,1.004972634492097,5.093844413757324
Monk2,2,5,0.7870370370370371,0.7861386138613862,0.785861713106295,8.222222222222221,0.4333088344007483,1.004972634492097,5.093844413757324
Monk2,2,7,0.7962962962962963,0.7960164835164836,0.7966976264189887,8.222222222222221,0.4333088344007483,1.004972634492097,5.093844413757324
Monk2,3,1,0.9074074074074074,0.9071207430340558,0.9071207430340558,8.342592592592593,0.43090859985041924,0.998130429674078,4.8016862869262695
Monk2,3,3,0.9166666666666666,0.9166023166023166,0.9179566563467492,8.342592592592593,0.43090859985041924,0.998130429674078,4.8016862869262695
Monk2,3,5,0.9074074074074074,0.9072802197802198,0.9081527347781218,8.342592592592593,0.43090859985041924,0.998130429674078,4.8016862869262695
Monk2,3,7,0.9259259259259259,0.9258241758241759,0.9267285861713106,8.342592592592593,0.43090859985041924,0.998130429674078,4.8016862869262695
Monk2,4,1,0.8981481481481481,0.8981394152447912,0.9014447884416925,8.314814814814815,0.451357035027613,1.034022037629728,5.070544481277466
Monk2,4,3,0.9166666666666666,0.9166595215639202,0.9200206398348814,8.314814814814815,0.451357035027613,1.034022037629728,5.070544481277466
Monk2,4,5,0.9074074074074074,0.9073756432246998,0.9112487100103199,8.314814814814815,0.451357035027613,1.034022037629728,5.070544481277466
Monk2,4,7,0.9074074074074074,0.9073756432246998,0.9112487100103199,8.314814814814815,0.451357035027613,1.034022037629728,5.070544481277466
Monk2,5,1,0.7592592592592593,0.7589285714285714,0.7636738906088751,8.398148148148149,0.433879745979861,1.049539373980628,5.195461988449097
Monk2,5,3,0.8240740740740741,0.823331898407232,0.8302373581011352,8.398148148148149,0.433879745979861,1.049539373980628,5.195461988449097
Monk2,5,5,0.8148148148148148,0.8142414860681115,0.8204334365325077,8.398148148148149,0.433879745979861,1.049539373980628,5.195461988449097
Monk2,5,7,0.8148148148148148,0.8137931034482759,0.8214654282765738,8.398148148148149,0.433879745979861,1.049539373980628,5.195461988449097
Monk2,6,1,0.8888888888888888,0.8887362637362637,0.8937048503611971,8.25925925925926,0.442929197383139,1.0362597593554743,5.167883634567261
Monk2,6,3,0.8981481481481481,0.8980694980694981,0.9024767801857585,8.25925925925926,0.442929197383139,1.0362597593554743,5.167883634567261
Monk2,6,5,0.9166666666666666,0.9166595215639202,0.9200206398348814,8.25925925925926,0.442929197383139,1.0362597593554743,5.167883634567261
Monk2,6,7,0.8981481481481481,0.8980694980694981,0.9024767801857585,8.25925925925926,0.442929197383139,1.0362597593554743,5.167883634567261
Monk2,7,1,0.8611111111111112,0.8610992026065335,0.8642930856553147,8.324074074074074,0.43953775142758794,1.0932641581252769,5.383678436279297
Monk2,7,3,0.8981481481481481,0.8980694980694981,0.9024767801857585,8.324074074074074,0.43953775142758794,1.0932641581252769,5.383678436279297
Monk2,7,5,0.8796296296296297,0.8793710799896899,0.8849329205366356,8.324074074074074,0.43953775142758794,1.0932641581252769,5.383678436279297
Monk2,7,7,0.8796296296296297,0.8793710799896899,0.8849329205366356,8.324074074074074,0.43953775142758794,1.0932641581252769,5.383678436279297
Monk2,8,1,0.8888888888888888,0.8888507718696398,0.8906088751289989,8.268518518518519,0.44012995186060455,1.1027437095288877,5.4260430335998535
Monk2,8,3,0.8888888888888888,0.8888888888888888,0.891640866873065,8.268518518518519,0.44012995186060455,1.1027437095288877,5.4260430335998535
Monk2,8,5,0.8888888888888888,0.8888888888888888,0.891640866873065,8.268518518518519,0.44012995186060455,1.1027437095288877,5.4260430335998535
Monk2,8,7,0.8981481481481481,0.8981394152447912,0.9014447884416925,8.268518518518519,0.44012995186060455,1.1027437095288877,5.4260430335998535
Monk2,9,1,0.8425925925925926,0.8425790962874047,0.8446852425180598,8.592592592592593,0.43665791101483714,1.0013349784745111,4.965587854385376
Monk2,9,3,0.8425925925925926,0.8422544892172867,0.8426212590299278,8.592592592592593,0.43665791101483714,1.0013349784745111,4.965587854385376
Monk2,9,5,0.8611111111111112,0.8610038610038611,0.8622291021671826,8.592592592592593,0.43665791101483714,1.0013349784745111,4.965587854385376
Monk2,9,7,0.8703703703703703,0.8703259005145798,0.87203302373581,8.592592592592593,0.43665791101483714,1.0013349784745111,4.965587854385376
Monk2,10,1,0.8703703703703703,0.8703259005145798,0.87203302373581,8.37037037037037,0.4454706103845788,1.0600583200101499,5.009792327880859
Monk2,10,3,0.8888888888888888,0.8888888888888888,0.891640866873065,8.37037037037037,0.4454706103845788,1.0600583200101499,5.009792327880859
Monk2,10,5,0.8796296296296297,0.8795366795366795,0.8808049535603715,8.37037037037037,0.4454706103845788,1.0600583200101499,5.009792327880859
Monk2,10,7,0.8703703703703703,0.8703703703703703,0.8730650154798761,8.37037037037037,0.4454706103845788,1.0600583200101499,5.009792327880859
Monk2,11,1,0.8240740740740741,0.8228438228438228,0.8219814241486068,8.416666666666666,0.4421195944000053,0.9609232390368426,4.8720738887786865
Monk2,11,3,0.8888888888888888,0.8887362637362637,0.8895768833849329,8.416666666666666,0.4421195944000053,0.9609232390368426,4.8720738887786865
Monk2,11,5,0.8888888888888888,0.8888507718696398,0.8906088751289989,8.416666666666666,0.4421195944000053,0.9609232390368426,4.8720738887786865
Monk2,11,7,0.8888888888888888,0.8888507718696398,0.8906088751289989,8.416666666666666,0.4421195944000053,0.9609232390368426,4.8720738887786865
Monk2,12,1,0.8240740740740741,0.8239382239382239,0.8281733746130031,8.351851851851851,0.4281631312086486,0.967418388084129,4.857503175735474
Monk2,12,3,0.8148148148148148,0.8142414860681115,0.8204334365325077,8.351851851851851,0.4281631312086486,0.967418388084129,4.857503175735474
Monk2,12,5,0.8333333333333334,0.8328173374613003,0.8390092879256965,8.351851851851851,0.4281631312086486,0.967418388084129,4.857503175735474
Monk2,12,7,0.8333333333333334,0.8331043956043955,0.8379772961816305,8.351851851851851,0.4281631312086486,0.967418388084129,4.857503175735474
Monk2,13,1,0.8518518518518519,0.8516483516483516,0.8524251805985552,8.305555555555555,0.42428702200101637,1.0147360916490908,5.01611852645874
Monk2,13,3,0.8518518518518519,0.8518010291595197,0.8534571723426212,8.305555555555555,0.42428702200101637,1.0147360916490908,5.01611852645874
Monk2,13,5,0.8518518518518519,0.8518010291595197,0.8534571723426212,8.305555555555555,0.42428702200101637,1.0147360916490908,5.01611852645874
Monk2,13,7,0.8425925925925926,0.8424710424710424,0.8436532507739938,8.305555555555555,0.42428702200101637,1.0147360916490908,5.01611852645874
Monk2,14,1,0.8055555555555556,0.8055388836491468,0.8085655314757483,8.351851851851851,0.4307536274360557,0.9737221554473594,4.915546178817749
Monk2,14,3,0.8518518518518519,0.8518518518518519,0.8544891640866873,8.351851851851851,0.4307536274360557,0.9737221554473594,4.915546178817749
Monk2,14,5,0.8518518518518519,0.8518010291595197,0.8555211558307534,8.351851851851851,0.4307536274360557,0.9737221554473594,4.915546178817749
Monk2,14,7,0.8333333333333334,0.8331043956043955,0.8379772961816305,8.351851851851851,0.4307536274360557,0.9737221554473594,4.915546178817749
Monk2,15,1,0.8796296296296297,0.8796193089256623,0.8818369453044375,8.435185185185185,0.4327084590090862,1.0417007428628426,5.25204873085022
Monk2,15,3,0.8703703703703703,0.8703259005145798,0.87203302373581,8.435185185185185,0.4327084590090862,1.0417007428628426,5.25204873085022
Monk2,15,5,0.8796296296296297,0.8796193089256623,0.8818369453044375,8.435185185185185,0.4327084590090862,1.0417007428628426,5.25204873085022
Monk2,15,7,0.8888888888888888,0.8888507718696398,0.8906088751289989,8.435185185185185,0.4327084590090862,1.0417007428628426,5.25204873085022
Monk2,16,1,0.9074074074074074,0.9074074074074074,0.9102167182662539,8.314814814814815,0.4481202871236995,1.0247022708257039,5.040263414382935
Monk2,16,3,0.9074074074074074,0.9073756432246998,0.9091847265221877,8.314814814814815,0.4481202871236995,1.0247022708257039,5.040263414382935
Monk2,16,5,0.9166666666666666,0.9166595215639202,0.9189886480908153,8.314814814814815,0.4481202871236995,1.0247022708257039,5.040263414382935
Monk2,16,7,0.9166666666666666,0.9166595215639202,0.9189886480908153,8.314814814814815,0.4481202871236995,1.0247022708257039,5.040263414382935
Monk2,17,1,0.8611111111111112,0.8610038610038611,0.8622291021671826,8.351851851851851,0.45322225054598914,1.0357557976687397,5.208441734313965
Monk2,17,3,0.8703703703703703,0.8703259005145798,0.87203302373581,8.351851851851851,0.45322225054598914,1.0357557976687397,5.208441734313965
Monk2,17,5,0.8611111111111112,0.8608127846034883,0.8611971104231166,8.351851851851851,0.45322225054598914,1.0357557976687397,5.208441734313965
Monk2,17,7,0.8611111111111112,0.8610038610038611,0.8622291021671826,8.351851851851851,0.45322225054598914,1.0357557976687397,5.208441734313965
Monk2,18,1,0.7962962962962963,0.7962264150943397,0.7997936016511868,8.287037037037036,0.43538790861751625,1.1209757791625128,5.526980638504028
Monk2,18,3,0.7870370370370371,0.787018777330018,0.7899896800825593,8.287037037037036,0.43538790861751625,1.1209757791625128,5.526980638504028
Monk2,18,5,0.8055555555555556,0.8054054054054054,0.8095975232198143,8.287037037037036,0.43538790861751625,1.1209757791625128,5.526980638504028
Monk2,18,7,0.8055555555555556,0.8054054054054054,0.8095975232198143,8.287037037037036,0.43538790861751625,1.1209757791625128,5.526980638504028
Monk2,19,1,0.8240740740740741,0.8240589899682758,0.826109391124871,8.203703703703704,0.44119381573640726,1.0477684670024447,5.095648527145386
Monk2,19,3,0.8518518518518519,0.8518518518518519,0.8544891640866873,8.203703703703704,0.44119381573640726,1.0477684670024447,5.095648527145386
Monk2,19,5,0.8611111111111112,0.8610038610038611,0.8653250773993808,8.203703703703704,0.44119381573640726,1.0477684670024447,5.095648527145386
Monk2,19,7,0.8611111111111112,0.8610992026065335,0.8642930856553147,8.203703703703704,0.44119381573640726,1.0477684670024447,5.095648527145386
Pima,0,1,0.7604166666666666,0.7212121212121212,0.7121194029850746,8.296875,0.5352066781176026,0.9880293930570284,7.489363431930542
Pima,0,3,0.7864583333333334,0.7526317443358577,0.7425074626865671,8.296875,0.5352066781176026,0.9880293930570284,7.489363431930542
Pima,0,5,0.7864583333333334,0.7480072985690963,0.7355820895522388,8.296875,0.5352066781176026,0.9880293930570284,7.489363431930542
Pima,0,7,0.7708333333333334,0.728255275347401,0.7166567164179105,8.296875,0.5352066781176026,0.9880293930570284,7.489363431930542
Pima,1,1,0.7708333333333334,0.7495256166982922,0.7512835820895523,8.447916666666666,0.5307390182001878,1.1516280695796013,8.566834449768066
Pima,1,3,0.7708333333333334,0.7495256166982922,0.7512835820895523,8.447916666666666,0.5307390182001878,1.1516280695796013,8.566834449768066
Pima,1,5,0.78125,0.7592835820895523,0.7592835820895523,8.447916666666666,0.5307390182001878,1.1516280695796013,8.566834449768066
Pima,1,7,0.796875,0.7740699393537096,0.7712835820895523,8.447916666666666,0.5307390182001878,1.1516280695796013,8.566834449768066
Pima,2,1,0.6875,0.6395945438618446,0.6353432835820896,8.494791666666666,0.5514858838422233,1.0172547151645024,7.740207672119141
Pima,2,3,0.7239583333333334,0.6677007478039383,0.6598805970149254,8.494791666666666,0.5514858838422233,1.0172547151645024,7.740207672119141
Pima,2,5,0.734375,0.6768636768636769,0.6678805970149254,8.494791666666666,0.5514858838422233,1.0172547151645024,7.740207672119141
Pima,2,7,0.7291666666666666,0.6722689075630253,0.6638805970149254,8.494791666666666,0.5514858838422233,1.0172547151645024,7.740207672119141
Pima,3,1,0.7447916666666666,0.7181799119312224,0.7174328358208956,8.359375,0.5427139059684971,0.9734565354883671,7.4494218826293945
Pima,3,3,0.7864583333333334,0.7588161402003738,0.7528955223880597,8.359375,0.5427139059684971,0.9734565354883671,7.4494218826293945
Pima,3,5,0.78125,0.751937984496124,0.7454328358208955,8.359375,0.5427139059684971,0.9734565354883671,7.4494218826293945
Pima,3,7,0.7760416666666666,0.744988416988417,0.7379701492537314,8.359375,0.5427139059684971,0.9734565354883671,7.4494218826293945
Pima,4,1,0.734375,0.6834653305317602,0.6748059701492537,8.265625,0.5445616306061565,1.0026276769737403,7.570607900619507
Pima,4,3,0.7552083333333334,0.7111303178718908,0.7011940298507462,8.265625,0.5445616306061565,1.0026276769737403,7.570607900619507
Pima,4,5,0.75,0.706384605581751,0.6971940298507462,8.265625,0.5445616306061565,1.0026276769737403,7.570607900619507
Pima,4,7,0.7395833333333334,0.6941506308143239,0.6857313432835821,8.265625,0.5445616306061565,1.0026276769737403,7.570607900619507
Pima,5,1,0.734375,0.6999908085419284,0.6955820895522388,8.411458333333334,0.5498095163033321,0.9629506332178911,7.3193559646606445
Pima,5,3,0.7552083333333334,0.7212664092664093,0.715044776119403,8.411458333333334,0.5498095163033321,0.9629506332178911,7.3193559646606445
Pima,5,5,0.7552083333333334,0.7212664092664093,0.715044776119403,8.411458333333334,0.5498095163033321,0.9629506332178911,7.3193559646606445
Pima,5,7,0.78125,0.7477161807032912,0.7385074626865671,8.411458333333334,0.5498095163033321,0.9629506332178911,7.3193559646606445
Pima,6,1,0.7604166666666666,0.73046875,0.7259701492537314,8.302083333333334,0.5448210709629661,0.9812231672306856,7.48024845123291
Pima,6,3,0.765625,0.7284982559783804,0.7195820895522388,8.302083333333334,0.5448210709629661,0.9812231672306856,7.48024845123291
Pima,6,5,0.7708333333333334,0.735702665498686,0.727044776119403,8.302083333333334,0.5448210709629661,0.9812231672306856,7.48024845123291
Pima,6,7,0.7604166666666666,0.7236891502940809,0.7155820895522388,8.302083333333334,0.5448210709629661,0.9812231672306856,7.48024845123291
Pima,7,1,0.7239583333333334,0.6856833976833976,0.6806567164179105,8.401041666666666,0.5422985556118348,1.0303692768017452,7.790749788284302
Pima,7,3,0.734375,0.6999908085419284,0.6955820895522388,8.401041666666666,0.5422985556118348,1.0303692768017452,7.790749788284302
Pima,7,5,0.7239583333333334,0.6856833976833976,0.6806567164179105,8.401041666666666,0.5422985556118348,1.0303692768017452,7.790749788284302
Pima,7,7,0.734375,0.6949817774039809,0.6886567164179105,8.401041666666666,0.5422985556118348,1.0303692768017452,7.790749788284302
Pima,8,1,0.7604166666666666,0.7363582089552239,0.7363582089552239,8.322916666666666,0.5389520182936497,1.030236321190993,7.750066041946411
Pima,8,3,0.7552083333333334,0.7277253115288296,0.7254328358208955,8.322916666666666,0.5389520182936497,1.030236321190993,7.750066041946411
Pima,8,5,0.7447916666666666,0.7181799119312224,0.7174328358208956,8.322916666666666,0.5389520182936497,1.030236321190993,7.750066041946411
Pima,8,7,0.7395833333333334,0.7134328358208956,0.7134328358208956,8.322916666666666,0.5389520182936497,1.030236321190993,7.750066041946411
Pima,9,1,0.7395833333333334,0.715370018975332,0.7168955223880598,8.416666666666666,0.542915521058087,1.0366876634458702,7.726356029510498
Pima,9,3,0.7760416666666666,0.7508976254412696,0.7483582089552239,8.416666666666666,0.542915521058087,1.0366876634458702,7.726356029510498
Pima,9,5,0.7864583333333334,0.7606931144550844,0.7563582089552239,8.416666666666666,0.542915521058087,1.0366876634458702,7.726356029510498
Pima,9,7,0.7708333333333334,0.7401255075673681,0.7339701492537314,8.416666666666666,0.542915521058087,1.0366876634458702,7.726356029510498
Pima,10,1,0.75,0.7208964264082374,0.7179701492537314,8.354166666666666,0.5475129284846888,0.995256586621205,7.492102146148682
Pima,10,3,0.7395833333333334,0.7022332506203475,0.6961194029850746,8.354166666666666,0.5475129284846888,0.995256586621205,7.492102146148682
Pima,10,5,0.7552083333333334,0.7189047752546491,0.7115820895522388,8.354166666666666,0.5475129284846888,0.995256586621205,7.492102146148682
Pima,10,7,0.7604166666666666,0.7212121212121212,0.7121194029850746,8.354166666666666,0.5475129284846888,0.995256586621205,7.492102146148682
Pima,11,1,0.7239583333333334,0.6906520747834017,0.6875820895522389,8.28125,0.552943520936651,1.019258649398883,7.773215293884277
Pima,11,3,0.734375,0.6999908085419284,0.6955820895522388,8.28125,0.552943520936651,1.019258649398883,7.773215293884277
Pima,11,5,0.7395833333333334,0.7022332506203475,0.6961194029850746,8.28125,0.552943520936651,1.019258649398883,7.773215293884277
Pima,11,7,0.7291666666666666,0.6903225806451614,0.6846567164179105,8.28125,0.552943520936651,1.019258649398883,7.773215293884277
Pima,12,1,0.7864583333333334,0.7568494208494209,0.7494328358208955,8.359375,0.5489293997367125,0.973066175977389,7.469344139099121
Pima,12,3,0.78125,0.7477161807032912,0.7385074626865671,8.359375,0.5489293997367125,0.973066175977389,7.469344139099121
Pima,12,5,0.796875,0.7646984885145963,0.7539701492537314,8.359375,0.5489293997367125,0.973066175977389,7.469344139099121
Pima,12,7,0.8020833333333334,0.7675544794188862,0.7545074626865671,8.359375,0.5489293997367125,0.973066175977389,7.469344139099121
Pima,13,1,0.765625,0.7331274131274131,0.7265074626865671,8.333333333333334,0.5373704279286656,1.0040938593447208,7.733794689178467
Pima,13,3,0.78125,0.7557843731072078,0.7523582089552239,8.333333333333334,0.5373704279286656,1.0040938593447208,7.733794689178467
Pima,13,5,0.796875,0.7740699393537096,0.7712835820895523,8.333333333333334,0.5373704279286656,1.0040938593447208,7.733794689178467
Pima,13,7,0.7864583333333334,0.7606931144550844,0.7563582089552239,8.333333333333334,0.5373704279286656,1.0040938593447208,7.733794689178467
Pima,14,1,0.7552083333333334,0.7277253115288296,0.7254328358208955,8.182291666666666,0.541781576211101,0.9689176417887211,7.429765462875366
Pima,14,3,0.765625,0.7373461012311902,0.7334328358208955,8.182291666666666,0.541781576211101,0.9689176417887211,7.429765462875366
Pima,14,5,0.765625,0.7393114684850497,0.7368955223880597,8.182291666666666,0.541781576211101,0.9689176417887211,7.429765462875366
Pima,14,7,0.765625,0.7352860075369956,0.7299701492537314,8.182291666666666,0.541781576211101,0.9689176417887211,7.429765462875366
Pima,15,1,0.7864583333333334,0.7588161402003738,0.7528955223880597,8.302083333333334,0.5506557377699005,1.0401326827704906,7.833312511444092
Pima,15,3,0.7708333333333334,0.7333333333333334,0.7235820895522388,8.302083333333334,0.5506557377699005,1.0401326827704906,7.833312511444092
Pima,15,5,0.765625,0.7207047034103766,0.7091940298507462,8.302083333333334,0.5506557377699005,1.0401326827704906,7.833312511444092
Pima,15,7,0.796875,0.7602996254681648,0.747044776119403,8.302083333333334,0.5506557377699005,1.0401326827704906,7.833312511444092
Pima,16,1,0.7291666666666666,0.7019701492537314,0.7019701492537314,8.213541666666666,0.5551798388458781,0.9812792514761289,7.489969491958618
Pima,16,3,0.7291666666666666,0.6903225806451614,0.6846567164179105,8.213541666666666,0.5551798388458781,0.9812792514761289,7.489969491958618
Pima,16,5,0.7291666666666666,0.6876486046802652,0.6811940298507462,8.213541666666666,0.5551798388458781,0.9812792514761289,7.489969491958618
Pima,16,7,0.7395833333333334,0.696969696969697,0.6891940298507462,8.213541666666666,0.5551798388458781,0.9812792514761289,7.489969491958618
Pima,17,1,0.7447916666666666,0.7069432763293151,0.7001194029850746,8.489583333333334,0.5601660946963926,0.975951454291741,7.468630075454712
Pima,17,3,0.765625,0.7284982559783804,0.7195820895522388,8.489583333333334,0.5601660946963926,0.975951454291741,7.468630075454712
Pima,17,5,0.765625,0.7234226447709594,0.7126567164179105,8.489583333333334,0.5601660946963926,0.975951454291741,7.468630075454712
Pima,17,7,0.7708333333333334,0.728255275347401,0.7166567164179105,8.489583333333334,0.5601660946963926,0.975951454291741,7.468630075454712
Pima,18,1,0.7760416666666666,0.7428277731053172,0.7345074626865671,8.369791666666666,0.535670020823409,0.978876826663812,7.454973220825195
Pima,18,3,0.75,0.7165005537098561,0.711044776119403,8.369791666666666,0.535670020823409,0.978876826663812,7.454973220825195
Pima,18,5,0.7552083333333334,0.7212664092664093,0.715044776119403,8.369791666666666,0.535670020823409,0.978876826663812,7.454973220825195
Pima,18,7,0.7708333333333334,0.7379652605459057,0.7305074626865671,8.369791666666666,0.535670020823409,0.978876826663812,7.454973220825195
Pima,19,1,0.765625,0.7234226447709594,0.7126567164179105,8.333333333333334,0.5526000332974288,0.9997986940046152,7.571887731552124
Pima,19,3,0.7447916666666666,0.704364767620903,0.6966567164179105,8.333333333333334,0.5526000332974288,0.9997986940046152,7.571887731552124
Pima,19,5,0.7447916666666666,0.7016648168701443,0.6931940298507462,8.333333333333334,0.5526000332974288,0.9997986940046152,7.571887731552124
Pima,19,7,0.7395833333333334,0.696969696969697,0.6891940298507462,8.333333333333334,0.5526000332974288,0.9997986940046152,7.571887731552124
Sonar,0,1,0.7884615384615384,0.7819290888295845,0.7797619047619048,8.288461538461538,0.23350936513450088,1.1139186574862554,3.6367480754852295
Sonar,0,3,0.7884615384615384,0.7819290888295845,0.7797619047619048,8.288461538461538,0.23350936513450088,1.1139186574862554,3.6367480754852295
Sonar,0,5,0.7307692307692307,0.7204301075268817,0.7202380952380952,8.288461538461538,0.23350936513450088,1.1139186574862554,3.6367480754852295
Sonar,0,7,0.7307692307692307,0.7204301075268817,0.7202380952380952,8.288461538461538,0.23350936513450088,1.1139186574862554,3.6367480754852295
Sonar,1,1,0.7692307692307693,0.7636363636363637,0.7619047619047619,8.326923076923077,0.22829425000667222,1.121276869223668,3.6161763668060303
Sonar,1,3,0.7692307692307693,0.7661169415292354,0.7648809523809523,8.326923076923077,0.22829425000667222,1.121276869223668,3.6161763668060303
Sonar,1,5,0.75,0.7476670399402763,0.7470238095238095,8.326923076923077,0.22829425000667222,1.121276869223668,3.6161763668060303
Sonar,1,7,0.7884615384615384,0.7864874953340799,0.7857142857142857,8.326923076923077,0.22829425000667222,1.121276869223668,3.6161763668060303
Sonar,2,1,0.6730769230769231,0.6670433145009416,0.6688888888888889,8.48076923076923,0.2512921066159831,0.9769923641131475,3.2293903827667236
Sonar,2,3,0.7115384615384616,0.7062146892655368,0.7074074074074074,8.48076923076923,0.2512921066159831,0.9769923641131475,3.2293903827667236
Sonar,2,5,0.7115384615384616,0.7062146892655368,0.7074074074074074,8.48076923076923,0.2512921066159831,0.9769923641131475,3.2293903827667236
Sonar,2,7,0.6730769230769231,0.6670433145009416,0.6688888888888889,8.48076923076923,0.2512921066159831,0.9769923641131475,3.2293903827667236
Sonar,3,1,0.7692307692307693,0.768888888888889,0.7718518518518518,8.442307692307692,0.20174583151076672,1.0574847368093638,3.3330130577087402
Sonar,3,3,0.8076923076923077,0.8074074074074074,0.8074074074074074,8.442307692307692,0.20174583151076672,1.0574847368093638,3.3330130577087402
Sonar,3,5,0.8461538461538461,0.8461538461538461,0.8474074074074074,8.442307692307692,0.20174583151076672,1.0574847368093638,3.3330130577087402
Sonar,3,7,0.8076923076923077,0.8074074074074074,0.8074074074074074,8.442307692307692,0.20174583151076672,1.0574847368093638,3.3330130577087402
Sonar,4,1,0.7692307692307693,0.768888888888889,0.7708333333333333,8.346153846153847,0.24239840958246003,1.0768925776848426,3.3884973526000977
Sonar,4,3,0.8269230769230769,0.8268590455049944,0.8303571428571428,8.346153846153847,0.24239840958246003,1.0768925776848426,3.3884973526000977
Sonar,4,5,0.8076923076923077,0.8076923076923077,0.8125,8.346153846153847,0.24239840958246003,1.0768925776848426,3.3884973526000977
Sonar,4,7,0.8076923076923077,0.8065476190476191,0.8065476190476191,8.346153846153847,0.24239840958246003,1.0768925776848426,3.3884973526000977
Sonar,5,1,0.7884615384615384,0.7877551020408163,0.7886904761904762,8.384615384615385,0.2240170725638872,0.9659490310228788,3.146766424179077
Sonar,5,3,0.8269230769230769,0.8268590455049944,0.8333333333333333,8.384615384615385,0.2240170725638872,0.9659490310228788,3.146766424179077
Sonar,5,5,0.8076923076923077,0.8076923076923077,0.8125,8.384615384615385,0.2240170725638872,0.9659490310228788,3.146766424179077
Sonar,5,7,0.8076923076923077,0.8076923076923077,0.8125,8.384615384615385,0.2240170725638872,0.9659490310228788,3.146766424179077
Sonar,6,1,0.7115384615384616,0.7062146892655368,0.7053571428571428,8.192307692307692,0.21618275050918426,1.0340049725312452,3.339418649673462
Sonar,6,3,0.7692307692307693,0.7661169415292354,0.7648809523809523,8.192307692307692,0.21618275050918426,1.0340049725312452,3.339418649673462
Sonar,6,5,0.8461538461538461,0.8424242424242425,0.8392857142857143,8.192307692307692,0.21618275050918426,1.0340049725312452,3.339418649673462
Sonar,6,7,0.8269230769230769,0.823728813559322,0.8214285714285714,8.192307692307692,0.21618275050918426,1.0340049725312452,3.339418649673462
Sonar,7,1,0.7884615384615384,0.7864874953340799,0.7857142857142857,8.288461538461538,0.22230527304680908,1.1317717616374676,3.69468092918396
Sonar,7,3,0.8076923076923077,0.8074074074074074,0.8095238095238095,8.288461538461538,0.22230527304680908,1.1317717616374676,3.69468092918396
Sonar,7,5,0.7692307692307693,0.7692307692307693,0.7738095238095238,8.288461538461538,0.22230527304680908,1.1317717616374676,3.69468092918396
Sonar,7,7,0.7884615384615384,0.7883832778394377,0.7916666666666667,8.288461538461538,0.22230527304680908,1.1317717616374676,3.69468092918396
Sonar,8,1,0.7692307692307693,0.7661169415292354,0.7648809523809523,8.346153846153847,0.23804124810008173,1.1011062401991625,3.65231990814209
Sonar,8,3,0.8076923076923077,0.8065476190476191,0.8065476190476191,8.346153846153847,0.23804124810008173,1.1011062401991625,3.65231990814209
Sonar,8,5,0.8461538461538461,0.8452380952380952,0.8452380952380952,8.346153846153847,0.23804124810008173,1.1011062401991625,3.65231990814209
Sonar,8,7,0.8653846153846154,0.8641284061216872,0.8630952380952381,8.346153846153847,0.23804124810008173,1.1011062401991625,3.65231990814209
Sonar,9,1,0.75,0.7499075101738809,0.7503703703703704,8.442307692307692,0.23005367916649655,1.070687935902522,3.3568999767303467
Sonar,9,3,0.7307692307692307,0.7307692307692307,0.7318518518518519,8.442307692307692,0.23005367916649655,1.070687935902522,3.3568999767303467
Sonar,9,5,0.7307692307692307,0.7303703703703703,0.7303703703703703,8.442307692307692,0.23005367916649655,1.070687935902522,3.3568999767303467
Sonar,9,7,0.7115384615384616,0.7114317425083241,0.7118518518518518,8.442307692307692,0.23005367916649655,1.070687935902522,3.3568999767303467
Sonar,10,1,0.7307692307692307,0.7204301075268817,0.7202380952380952,8.326923076923077,0.2304711887365237,1.1220719401652997,3.6022534370422363
Sonar,10,3,0.8461538461538461,0.8440779610194902,0.8422619047619048,8.326923076923077,0.2304711887365237,1.1220719401652997,3.6022534370422363
Sonar,10,5,0.8076923076923077,0.8003072196620584,0.7976190476190477,8.326923076923077,0.2304711887365237,1.1220719401652997,3.6022534370422363
Sonar,10,7,0.8076923076923077,0.8003072196620584,0.7976190476190477,8.326923076923077,0.2304711887365237,1.1220719401652997,3.6022534370422363
Sonar,11,1,0.9038461538461539,0.9038105808361081,0.9107142857142857,8.115384615384615,0.23769847003016586,1.1011376701868498,3.6825013160705566
Sonar,11,3,0.9038461538461539,0.9035250463821892,0.9047619047619048,8.115384615384615,0.23769847003016586,1.1011376701868498,3.6825013160705566
Sonar,11,5,0.9038461538461539,0.9029488615154908,0.9017857142857143,8.115384615384615,0.23769847003016586,1.1011376701868498,3.6825013160705566
Sonar,11,7,0.9038461538461539,0.9029488615154908,0.9017857142857143,8.115384615384615,0.23769847003016586,1.1011376701868498,3.6825013160705566
Sonar,12,1,0.7692307692307693,0.7692307692307693,0.7738095238095238,8.403846153846153,0.2530772363861466,1.1418198255392222,3.6953518390655518
Sonar,12,3,0.75,0.749165120593692,0.7589285714285714,8.403846153846153,0.2530772363861466,1.1418198255392222,3.6953518390655518
Sonar,12,5,0.7884615384615384,0.7877551020408163,0.7976190476190477,8.403846153846153,0.2530772363861466,1.1418198255392222,3.6953518390655518
Sonar,12,7,0.7884615384615384,0.7883832778394377,0.7946428571428572,8.403846153846153,0.2530772363861466,1.1418198255392222,3.6953518390655518
Sonar,13,1,0.6923076923076923,0.6923076923076923,0.6933333333333334,8.653846153846153,0.22752646900221307,1.1440656689497142,3.7005221843719482
Sonar,13,3,0.7692307692307693,0.7692307692307693,0.7703703703703704,8.653846153846153,0.22752646900221307,1.1440656689497142,3.7005221843719482
Sonar,13,5,0.7884615384615384,0.7877551020408163,0.7874074074074073,8.653846153846153,0.22752646900221307,1.1440656689497142,3.7005221843719482
Sonar,13,7,0.7307692307692307,0.7271364317841079,0.7274074074074074,8.653846153846153,0.22752646900221307,1.1440656689497142,3.7005221843719482
Sonar,14,1,0.7307692307692307,0.7271364317841079,0.7261904761904762,8.48076923076923,0.21456909345291938,1.0327121752959032,3.269679307937622
Sonar,14,3,0.7307692307692307,0.7242424242424242,0.7232142857142857,8.48076923076923,0.21456909345291938,1.0327121752959032,3.269679307937622
Sonar,14,5,0.7115384615384616,0.7062146892655368,0.7053571428571428,8.48076923076923,0.21456909345291938,1.0327121752959032,3.269679307937622
Sonar,14,7,0.7307692307692307,0.7271364317841079,0.7261904761904762,8.48076923076923,0.21456909345291938,1.0327121752959032,3.269679307937622
Sonar,15,1,0.7884615384615384,0.7819290888295845,0.782962962962963,8.365384615384615,0.254130265539658,1.018915478999798,3.229548931121826
Sonar,15,3,0.8076923076923077,0.803030303030303,0.802962962962963,8.365384615384615,0.254130265539658,1.018915478999798,3.229548931121826
Sonar,15,5,0.8076923076923077,0.803030303030303,0.802962962962963,8.365384615384615,0.254130265539658,1.018915478999798,3.229548931121826
Sonar,15,7,0.8076923076923077,0.803030303030303,0.802962962962963,8.365384615384615,0.254130265539658,1.018915478999798,3.229548931121826
Sonar,16,1,0.7307692307692307,0.7291666666666667,0.7291666666666667,8.288461538461538,0.19389564917452573,1.0783937069085927,3.4782683849334717
Sonar,16,3,0.75,0.749165120593692,0.75,8.288461538461538,0.19389564917452573,1.0783937069085927,3.4782683849334717
Sonar,16,5,0.7307692307692307,0.7291666666666667,0.7291666666666667,8.288461538461538,0.19389564917452573,1.0783937069085927,3.4782683849334717
Sonar,16,7,0.7307692307692307,0.7271364317841079,0.7261904761904762,8.288461538461538,0.19389564917452573,1.0783937069085927,3.4782683849334717
Sonar,17,1,0.7115384615384616,0.7114317425083241,0.7142857142857143,8.442307692307692,0.23594389573247113,1.1057555629656866,3.4994678497314453
Sonar,17,3,0.75,0.749165120593692,0.75,8.442307692307692,0.23594389573247113,1.1057555629656866,3.4994678497314453
Sonar,17,5,0.7884615384615384,0.7883832778394377,0.7916666666666667,8.442307692307692,0.23594389573247113,1.1057555629656866,3.4994678497314453
Sonar,17,7,0.7884615384615384,0.7883832778394377,0.7916666666666667,8.442307692307692,0.23594389573247113,1.1057555629656866,3.4994678497314453
Sonar,18,1,0.7692307692307693,0.7692307692307693,0.7703703703703704,8.173076923076923,0.22573605455382365,1.1018839478492737,3.497447967529297
Sonar,18,3,0.8269230769230769,0.8263450834879407,0.825925925925926,8.173076923076923,0.22573605455382365,1.1018839478492737,3.497447967529297
Sonar,18,5,0.8076923076923077,0.8065476190476191,0.8059259259259259,8.173076923076923,0.22573605455382365,1.1018839478492737,3.497447967529297
Sonar,18,7,0.8653846153846154,0.8649350649350649,0.8644444444444443,8.173076923076923,0.22573605455382365,1.1018839478492737,3.497447967529297
Sonar,19,1,0.7884615384615384,0.7864874953340799,0.7857142857142857,8.48076923076923,0.2309480708344659,1.0975752289478595,3.6406257152557373
Sonar,19,3,0.75,0.749165120593692,0.75,8.48076923076923,0.2309480708344659,1.0975752289478595,3.6406257152557373
Sonar,19,5,0.75,0.7499075101738809,0.7529761904761905,8.48076923076923,0.2309480708344659,1.0975752289478595,3.6406257152557373
Sonar,19,7,0.7692307692307693,0.768888888888889,0.7708333333333333,8.48076923076923,0.2309480708344659,1.0975752289478595,3.6406257152557373
Statlog,0,1,0.764,0.7006595636732623,0.6904761904761905,8.424,0.39493086535285815,1.0012653665542603,9.461944580078125
Statlog,0,3,0.764,0.6948633608473489,0.6828571428571428,8.424,0.39493086535285815,1.0012653665542603,9.461944580078125
Statlog,0,5,0.768,0.7043471168746431,0.6933333333333334,8.424,0.39493086535285815,1.0012653665542603,9.461944580078125
Statlog,0,7,0.772,0.7108066971080669,0.7,8.424,0.39493086535285815,1.0012653665542603,9.461944580078125
Statlog,1,1,0.736,0.6697093442229162,0.6628571428571428,8.36,0.3934119776421949,0.9931148128509522,9.371887922286987
Statlog,1,3,0.732,0.6600710299340435,0.6523809523809524,8.36,0.3934119776421949,0.9931148128509522,9.371887922286987
Statlog,1,5,0.724,0.639566225788253,0.6314285714285715,8.36,0.3934119776421949,0.9931148128509522,9.371887922286987
Statlog,1,7,0.728,0.6429771505376345,0.6342857142857143,8.36,0.3934119776421949,0.9931148128509522,9.371887922286987
Statlog,2,1,0.716,0.6363524615353097,0.6295238095238096,8.34,0.4041830663384606,0.9811397380828858,9.256007432937622
Statlog,2,3,0.732,0.6426666666666667,0.6333333333333333,8.34,0.4041830663384606,0.9811397380828858,9.256007432937622
Statlog,2,5,0.724,0.6280002587824287,0.62,8.34,0.4041830663384606,0.9811397380828858,9.256007432937622
Statlog,2,7,0.736,0.6381578947368421,0.6285714285714286,8.34,0.4041830663384606,0.9811397380828858,9.256007432937622
Statlog,3,1,0.784,0.7135217723453018,0.6971428571428571,8.28,0.3908829654923786,0.9919172677993774,9.356881856918335
Statlog,3,3,0.796,0.728,0.7095238095238096,8.28,0.3908829654923786,0.9919172677993774,9.356881856918335
Statlog,3,5,0.796,0.728,0.7095238095238096,8.28,0.3908829654923786,0.9919172677993774,9.356881856918335
Statlog,3,7,0.788,0.7077571185954696,0.6885714285714286,8.28,0.3908829654923786,0.9919172677993774,9.356881856918335
Statlog,4,1,0.752,0.6477592946095809,0.6361904761904762,8.268,0.4202167901802624,1.0155292148590087,9.5176100730896
Statlog,4,3,0.776,0.6778350515463918,0.660952380952381,8.268,0.4202167901802624,1.0155292148590087,9.5176100730896
Statlog,4,5,0.768,0.662004662004662,0.6476190476190476,8.268,0.4202167901802624,1.0155292148590087,9.5176100730896
Statlog,4,7,0.772,0.6699784617522406,0.6542857142857144,8.268,0.4202167901802624,1.0155292148590087,9.5176100730896
Statlog,5,1,0.716,0.6523084758378876,0.6485714285714286,8.284,0.3975611631051289,1.0224941873550415,9.749520540237427
Statlog,5,3,0.732,0.6464081400012666,0.6371428571428572,8.284,0.3975611631051289,1.0224941873550415,9.749520540237427
Statlog,5,5,0.756,0.6636449855532764,0.6504761904761904,8.284,0.3975611631051289,1.0224941873550415,9.749520540237427
Statlog,5,7,0.748,0.6485237999598312,0.6371428571428571,8.284,0.3975611631051289,1.0224941873550415,9.749520540237427
Statlog,6,1,0.728,0.65337248185303,0.6457142857142857,8.288,0.40549106315892935,1.042437406539917,9.747572183609009
Statlog,6,3,0.74,0.6533333333333333,0.6428571428571428,8.288,0.40549106315892935,1.042437406539917,9.747572183609009
Statlog,6,5,0.724,0.632,0.6238095238095238,8.288,0.40549106315892935,1.042437406539917,9.747572183609009
Statlog,6,7,0.728,0.6392496392496393,0.6304761904761905,8.288,0.40549106315892935,1.042437406539917,9.747572183609009
Statlog,7,1,0.744,0.6706192358366272,0.660952380952381,8.228,0.3984747846859774,0.9696669578552246,9.145616054534912
Statlog,7,3,0.764,0.6886280635832049,0.6752380952380952,8.228,0.3984747846859774,0.9696669578552246,9.145616054534912
Statlog,7,5,0.764,0.6783619354979393,0.6638095238095238,8.228,0.3984747846859774,0.9696669578552246,9.145616054534912
Statlog,7,7,0.776,0.70291146761735,0.6876190476190476,8.228,0.3984747846859774,0.9696669578552246,9.145616054534912
Statlog,8,1,0.768,0.6855755052476364,0.6704761904761904,8.308,0.40783354888139683,1.0136752223968506,9.581368446350098
Statlog,8,3,0.772,0.6857010520743732,0.6695238095238095,8.308,0.40783354888139683,1.0136752223968506,9.581368446350098
Statlog,8,5,0.76,0.6591218980092719,0.6457142857142857,8.308,0.40783354888139683,1.0136752223968506,9.581368446350098
Statlog,8,7,0.744,0.63639669120989,0.6266666666666667,8.308,0.40783354888139683,1.0136752223968506,9.581368446350098
Statlog,9,1,0.756,0.6960880049423065,0.6885714285714286,8.208,0.3971505739141743,0.9949634170532227,9.45470643043518
Statlog,9,3,0.748,0.6741761310742878,0.6638095238095238,8.208,0.3971505739141743,0.9949634170532227,9.45470643043518
Statlog,9,5,0.752,0.6710805534334946,0.6590476190476191,8.208,0.3971505739141743,0.9949634170532227,9.45470643043518
Statlog,9,7,0.748,0.6709082931110136,0.66,8.208,0.3971505739141743,0.9949634170532227,9.45470643043518
Statlog,10,1,0.724,0.6238470093111494,0.6161904761904762,8.348,0.39779905704469276,1.0321725482940673,9.691349744796753
Statlog,10,3,0.756,0.6596817745642811,0.6466666666666667,8.348,0.39779905704469276,1.0321725482940673,9.691349744796753
Statlog,10,5,0.748,0.6442687747035573,0.6333333333333333,8.348,0.39779905704469276,1.0321725482940673,9.691349744796753
Statlog,10,7,0.74,0.6373658253553816,0.6276190476190476,8.348,0.39779905704469276,1.0321725482940673,9.691349744796753
Statlog,11,1,0.74,0.6670832394337343,0.6580952380952381,8.42,0.38667183509045855,1.0717549533843995,9.927491664886475
Statlog,11,3,0.74,0.6638325161877573,0.6542857142857142,8.42,0.38667183509045855,1.0717549533843995,9.927491664886475
Statlog,11,5,0.724,0.6465960541681178,0.6390476190476191,8.42,0.38667183509045855,1.0717549533843995,9.927491664886475
Statlog,11,7,0.732,0.656839646800926,0.6485714285714286,8.42,0.38667183509045855,1.0717549533843995,9.927491664886475
Statlog,12,1,0.724,0.635853159105782,0.6276190476190476,8.284,0.39302634201870834,0.9932062711715698,9.405607461929321
Statlog,12,3,0.74,0.6638325161877573,0.6542857142857142,8.284,0.39302634201870834,0.9932062711715698,9.405607461929321
Statlog,12,5,0.732,0.6500135815625065,0.6409523809523809,8.284,0.39302634201870834,0.9932062711715698,9.405607461929321
Statlog,12,7,0.732,0.6500135815625065,0.6409523809523809,8.284,0.39302634201870834,0.9932062711715698,9.405607461929321
Statlog,13,1,0.728,0.6228591711775668,0.6152380952380953,8.376,0.39673671752635153,0.9751860485076904,9.149468421936035
Statlog,13,3,0.74,0.6284100523655988,0.62,8.376,0.39673671752635153,0.9751860485076904,9.149468421936035
Statlog,13,5,0.756,0.6512771260661773,0.6390476190476191,8.376,0.39673671752635153,0.9751860485076904,9.149468421936035
Statlog,13,7,0.764,0.6668548842461886,0.6523809523809524,8.376,0.39673671752635153,0.9751860485076904,9.149468421936035
Statlog,14,1,0.736,0.6534778225806452,0.6438095238095238,8.156,0.4078679682067085,1.1129695320129394,10.326714754104614
Statlog,14,3,0.74,0.6533333333333333,0.6428571428571428,8.156,0.4078679682067085,1.1129695320129394,10.326714754104614
Statlog,14,5,0.736,0.6339515484958737,0.6247619047619047,8.156,0.4078679682067085,1.1129695320129394,10.326714754104614
Statlog,14,7,0.736,0.6339515484958737,0.6247619047619047,8.156,0.4078679682067085,1.1129695320129394,10.326714754104614
Statlog,15,1,0.684,0.6028634051195432,0.599047619047619,8.272,0.39411560019253794,1.0019174280166625,9.462237358093262
Statlog,15,3,0.712,0.6219758064516129,0.6152380952380953,8.272,0.39411560019253794,1.0019174280166625,9.462237358093262
Statlog,15,5,0.7,0.6041882164193283,0.599047619047619,8.272,0.39411560019253794,1.0019174280166625,9.462237358093262
Statlog,15,7,0.696,0.5968084203378321,0.5923809523809523,8.272,0.39411560019253794,1.0019174280166625,9.462237358093262
Statlog,16,1,0.756,0.6674589502605813,0.6542857142857144,8.324,0.4040378295418058,0.9831409435272217,9.196845054626465
Statlog,16,3,0.78,0.6967290853349213,0.679047619047619,8.324,0.4040378295418058,0.9831409435272217,9.196845054626465
Statlog,16,5,0.8,0.7086247086247086,0.6857142857142857,8.324,0.4040378295418058,0.9831409435272217,9.196845054626465
Statlog,16,7,0.812,0.7313118840182022,0.7057142857142857,8.324,0.4040378295418058,0.9831409435272217,9.196845054626465
Statlog,17,1,0.768,0.6890013726835964,0.6742857142857143,8.244,0.41338200175319023,0.9730083112716674,9.165733337402344
Statlog,17,3,0.78,0.7066666666666668,0.6904761904761905,8.244,0.41338200175319023,0.9730083112716674,9.165733337402344
Statlog,17,5,0.784,0.7072599531615924,0.6895238095238095,8.244,0.41338200175319023,0.9730083112716674,9.165733337402344
Statlog,17,7,0.792,0.7181021771185705,0.699047619047619,8.244,0.41338200175319023,0.9730083112716674,9.165733337402344
Statlog,18,1,0.76,0.6710526315789473,0.6571428571428571,8.416,0.4059187023610797,0.9728398399353028,9.146645069122314
Statlog,18,3,0.76,0.6632543103448276,0.6495238095238095,8.416,0.4059187023610797,0.9728398399353028,9.146645069122314
Statlog,18,5,0.756,0.6596817745642811,0.6466666666666667,8.416,0.4059187023610797,0.9728398399353028,9.146645069122314
Statlog,18,7,0.764,0.6708397491687309,0.6561904761904762,8.416,0.4059187023610797,0.9728398399353028,9.146645069122314
Statlog,19,1,0.748,0.6741761310742878,0.6638095238095238,8.34,0.4023824479923225,0.9910028705596924,9.305318117141724
Statlog,19,3,0.752,0.6744791666666667,0.6628571428571428,8.34,0.4023824479923225,0.9910028705596924,9.305318117141724
Statlog,19,5,0.764,0.6948633608473489,0.6828571428571428,8.34,0.4023824479923225,0.9910028705596924,9.305318117141724
Statlog,19,7,0.748,0.6709082931110136,0.66,8.34,0.4023824479923225,0.9910028705596924,9.305318117141724
Steel,0,1,0.6872427983539094,0.679228768461491,0.6733319095878744,8.310699588477366,0.44216697990971376,1.656878528771577,28.076510906219482
Steel,0,3,0.7078189300411523,0.7054109341579051,0.7078894756572455,8.310699588477366,0.44216697990971376,1.656878528771577,28.076510906219482
Steel,0,5,0.7098765432098766,0.7049341975901934,0.7051522196831274,8.310699588477366,0.44216697990971376,1.656878528771577,28.076510906219482
Steel,0,7,0.7325102880658436,0.7226037144537817,0.7216012693615007,8.310699588477366,0.44216697990971376,1.656878528771577,28.076510906219482
Steel,1,1,0.6934156378600823,0.7022664432227647,0.695256225598408,8.351851851851851,0.4406204986746414,1.6425286482391044,27.785598039627075
Steel,1,3,0.6831275720164609,0.6970985962351166,0.6918619154599229,8.351851851851851,0.4406204986746414,1.6425286482391044,27.785598039627075
Steel,1,5,0.6975308641975309,0.7084118072456922,0.7043173135779258,8.351851851851851,0.4406204986746414,1.6425286482391044,27.785598039627075
Steel,1,7,0.6954732510288066,0.7172168960964591,0.7066266286650746,8.351851851851851,0.4406204986746414,1.6425286482391044,27.785598039627075
Steel,2,1,0.7181069958847737,0.7244251246416137,0.7123282730398387,8.232510288065845,0.4616371229510502,1.7077751694392767,28.905561447143555
Steel,2,3,0.7139917695473251,0.7233107332638303,0.7150721535960589,8.232510288065845,0.4616371229510502,1.7077751694392767,28.905561447143555
Steel,2,5,0.7242798353909465,0.7398716415664336,0.726158921354726,8.232510288065845,0.4616371229510502,1.7077751694392767,28.905561447143555
Steel,2,7,0.7181069958847737,0.732303750610342,0.7217546465257735,8.232510288065845,0.4616371229510502,1.7077751694392767,28.905561447143555
Steel,3,1,0.6893004115226338,0.6937464724896774,0.6876406641345557,8.294238683127572,0.453119701114681,1.6970386151914243,28.71365475654602
Steel,3,3,0.7016460905349794,0.7139339417927727,0.7081824043583996,8.294238683127572,0.453119701114681,1.6970386151914243,28.71365475654602
Steel,3,5,0.6975308641975309,0.7074859346800239,0.707366737415543,8.294238683127572,0.453119701114681,1.6970386151914243,28.71365475654602
Steel,3,7,0.6975308641975309,0.7052118226564073,0.7052358554769687,8.294238683127572,0.453119701114681,1.6970386151914243,28.71365475654602
Steel,4,1,0.6831275720164609,0.6850349008753078,0.6560205777335889,8.275720164609053,0.44387694566404673,1.6908643795139013,28.871833562850952
Steel,4,3,0.691358024691358,0.6884944801743901,0.6629885029707451,8.275720164609053,0.44387694566404673,1.6908643795139013,28.871833562850952
Steel,4,5,0.6934156378600823,0.6965260195849213,0.6725611700033495,8.275720164609053,0.44387694566404673,1.6908643795139013,28.871833562850952
Steel,4,7,0.6831275720164609,0.6852889593469834,0.6539006818074462,8.275720164609053,0.44387694566404673,1.6908643795139013,28.871833562850952
Steel,5,1,0.720164609053498,0.7122132869854553,0.6962426478169751,8.294238683127572,0.4450592585392962,1.6589925921993491,28.29083776473999
Steel,5,3,0.7345679012345679,0.7241808970681596,0.7115311418793474,8.294238683127572,0.4450592585392962,1.6589925921993491,28.29083776473999
Steel,5,5,0.7407407407407407,0.7426772576602797,0.7199372656700866,8.294238683127572,0.4450592585392962,1.6589925921993491,28.29083776473999
Steel,5,7,0.7304526748971193,0.7303027288738525,0.7067629147633655,8.294238683127572,0.4450592585392962,1.6589925921993491,28.29083776473999
Steel,6,1,0.6810699588477366,0.6881597497975819,0.66322667834434,8.292181069958847,0.4537830287475763,1.6640330714943967,28.415031671524048
Steel,6,3,0.7078189300411523,0.7211639797848433,0.7079721198395134,8.292181069958847,0.4537830287475763,1.6640330714943967,28.415031671524048
Steel,6,5,0.7078189300411523,0.7259567701596573,0.7101773975549952,8.292181069958847,0.4537830287475763,1.6640330714943967,28.415031671524048
Steel,6,7,0.7098765432098766,0.7170515498102422,0.7003098850218316,8.292181069958847,0.4537830287475763,1.6640330714943967,28.415031671524048
Steel,7,1,0.6893004115226338,0.704375013584153,0.7019883002929307,8.37037037037037,0.44665783593360336,1.6736713947092063,28.464860439300537
Steel,7,3,0.6893004115226338,0.6993913433932468,0.7081184133861831,8.37037037037037,0.44665783593360336,1.6736713947092063,28.464860439300537
Steel,7,5,0.7078189300411523,0.7131703567619587,0.7080504713874703,8.37037037037037,0.44665783593360336,1.6736713947092063,28.464860439300537
Steel,7,7,0.6995884773662552,0.710456045531205,0.707164362066479,8.37037037037037,0.44665783593360336,1.6736713947092063,28.464860439300537
Steel,8,1,0.7078189300411523,0.7085629854144185,0.6740324357189458,8.325102880658436,0.44711846375895553,1.6509240772498488,28.021366119384766
Steel,8,3,0.720164609053498,0.7260881798458182,0.7028780083573593,8.325102880658436,0.44711846375895553,1.6509240772498488,28.021366119384766
Steel,8,5,0.7222222222222222,0.7176771398123057,0.694426839780602,8.325102880658436,0.44711846375895553,1.6509240772498488,28.021366119384766
Steel,8,7,0.720164609053498,0.7163033574405601,0.6943549420108398,8.325102880658436,0.44711846375895553,1.6509240772498488,28.021366119384766
Steel,9,1,0.7345679012345679,0.7374298728065801,0.726258597296064,8.351851851851851,0.4573900303686565,1.6533094880021648,28.093928813934326
Steel,9,3,0.7613168724279835,0.7691533922479612,0.7678687717565035,8.351851851851851,0.4573900303686565,1.6533094880021648,28.093928813934326
Steel,9,5,0.7530864197530864,0.756209800845833,0.7481393262844839,8.351851851851851,0.4573900303686565,1.6533094880021648,28.093928813934326
Steel,9,7,0.7613168724279835,0.7629907295326065,0.7533023120700119,8.351851851851851,0.4573900303686565,1.6533094880021648,28.093928813934326
Steel,10,1,0.7181069958847737,0.7094030389822217,0.6836205035705323,8.286008230452675,0.4520696891581388,1.6768865619667273,28.62671136856079
Steel,10,3,0.7283950617283951,0.7215429472268378,0.6955073642768904,8.286008230452675,0.4520696891581388,1.6768865619667273,28.62671136856079
Steel,10,5,0.7283950617283951,0.7176980843496478,0.6878749442301519,8.286008230452675,0.4520696891581388,1.6768865619667273,28.62671136856079
Steel,10,7,0.7325102880658436,0.7155866938497927,0.6873602835899026,8.286008230452675,0.4520696891581388,1.6768865619667273,28.62671136856079
Steel,11,1,0.7057613168724279,0.7117118322911019,0.6963719072322986,8.3559670781893,0.458284753784557,1.6732274921833243,28.59730887413025
Steel,11,3,0.7181069958847737,0.7303406512266523,0.7126474687724434,8.3559670781893,0.458284753784557,1.6732274921833243,28.59730887413025
Steel,11,5,0.7263374485596708,0.7404348323487812,0.7278797612324588,8.3559670781893,0.458284753784557,1.6732274921833243,28.59730887413025
Steel,11,7,0.7242798353909465,0.7388894244959393,0.72364763895007,8.3559670781893,0.458284753784557,1.6732274921833243,28.59730887413025
Steel,12,1,0.6954732510288066,0.6897641911528327,0.6759136319983888,8.349794238683128,0.45759740814662486,1.7106873091356254,29.048751831054688
Steel,12,3,0.7181069958847737,0.7091759311307181,0.6958671899889629,8.349794238683128,0.45759740814662486,1.7106873091356254,29.048751831054688
Steel,12,5,0.7098765432098766,0.7061129956127906,0.699721409812415,8.349794238683128,0.45759740814662486,1.7106873091356254,29.048751831054688
Steel,12,7,0.7016460905349794,0.6906891165988637,0.6846347098913663,8.349794238683128,0.45759740814662486,1.7106873091356254,29.048751831054688
Steel,13,1,0.6851851851851852,0.7036766266362451,0.7029050961964759,8.351851851851851,0.4593020909396929,1.6694604908978496,28.451091051101685
Steel,13,3,0.6831275720164609,0.6989064906459534,0.6975626346468552,8.351851851851851,0.4593020909396929,1.6694604908978496,28.451091051101685
Steel,13,5,0.6975308641975309,0.7130704743313785,0.70470462922998,8.351851851851851,0.4593020909396929,1.6694604908978496,28.451091051101685
Steel,13,7,0.7037037037037037,0.7259431816664483,0.717340958503703,8.351851851851851,0.4593020909396929,1.6694604908978496,28.451091051101685
Steel,14,1,0.6831275720164609,0.7003057384391528,0.6859768976707906,8.333333333333334,0.4342961453276152,1.6676115935722007,28.32547616958618
Steel,14,3,0.6872427983539094,0.7117558720883556,0.6957547310357513,8.333333333333334,0.4342961453276152,1.6676115935722007,28.32547616958618
Steel,14,5,0.6975308641975309,0.7210572104205898,0.7059936922496569,8.333333333333334,0.4342961453276152,1.6676115935722007,28.32547616958618
Steel,14,7,0.6995884773662552,0.717933195480141,0.6995129934612657,8.333333333333334,0.4342961453276152,1.6676115935722007,28.32547616958618
Steel,15,1,0.7160493827160493,0.7359777095378863,0.7328821593193184,8.275720164609053,0.4537382004826186,1.6753095128408675,28.553751945495605
Steel,15,3,0.7078189300411523,0.707212797522082,0.6989549142305332,8.275720164609053,0.4537382004826186,1.6753095128408675,28.553751945495605
Steel,15,5,0.7078189300411523,0.706474688398113,0.6951445744053418,8.275720164609053,0.4537382004826186,1.6753095128408675,28.553751945495605
Steel,15,7,0.7057613168724279,0.7160481017227563,0.706456736898007,8.275720164609053,0.4537382004826186,1.6753095128408675,28.553751945495605
Steel,16,1,0.7181069958847737,0.7187845559771054,0.7072383450672771,8.349794238683128,0.46609773490367795,1.7237802537870996,29.111966848373413
Steel,16,3,0.7139917695473251,0.7272011733186522,0.7008339588551987,8.349794238683128,0.46609773490367795,1.7237802537870996,29.111966848373413
Steel,16,5,0.7160493827160493,0.7211012076926391,0.6943532600668075,8.349794238683128,0.46609773490367795,1.7237802537870996,29.111966848373413
Steel,16,7,0.7242798353909465,0.7305648001038688,0.7004777935657522,8.349794238683128,0.46609773490367795,1.7237802537870996,29.111966848373413
Steel,17,1,0.6934156378600823,0.7003045878545594,0.6895412063287857,8.323045267489713,0.45018138383001977,1.6596479008717793,28.117410898208618
Steel,17,3,0.6851851851851852,0.6998738344121287,0.6997187943775832,8.323045267489713,0.45018138383001977,1.6596479008717793,28.117410898208618
Steel,17,5,0.6995884773662552,0.7161269531736549,0.720900386202817,8.323045267489713,0.45018138383001977,1.6596479008717793,28.117410898208618
Steel,17,7,0.6975308641975309,0.7125210004630714,0.7245633898658207,8.323045267489713,0.45018138383001977,1.6596479008717793,28.117410898208618
Steel,18,1,0.6851851851851852,0.6869285141972581,0.6840250834647527,8.425925925925926,0.4527316346967867,1.6748891264322854,28.564682483673096
Steel,18,3,0.7098765432098766,0.7149522216810776,0.7180559602659251,8.425925925925926,0.4527316346967867,1.6748891264322854,28.564682483673096
Steel,18,5,0.720164609053498,0.7182521025869262,0.7258691940406973,8.425925925925926,0.4527316346967867,1.6748891264322854,28.564682483673096
Steel,18,7,0.720164609053498,0.7188773825136935,0.7170273399931295,8.425925925925926,0.4527316346967867,1.6748891264322854,28.564682483673096
Steel,19,1,0.6831275720164609,0.6842778266544448,0.6593830365017629,8.265432098765432,0.4530470801594025,1.6761160357989402,28.593557596206665
Steel,19,3,0.6934156378600823,0.6956829305381463,0.6684715586727649,8.265432098765432,0.4530470801594025,1.6761160357989402,28.593557596206665
Steel,19,5,0.691358024691358,0.6860675268630031,0.6505479268362603,8.265432098765432,0.4530470801594025,1.6761160357989402,28.593557596206665
Steel,19,7,0.6893004115226338,0.6877034908215087,0.6530894320434165,8.265432098765432,0.4530470801594025,1.6761160357989402,28.593557596206665
Thyroid,0,1,0.9653179190751445,0.883423180592992,0.883423180592992,8.265895953757225,0.5930168456389495,1.0504800143269446,7.291536331176758
Thyroid,0,3,0.9595375722543352,0.8593985835365145,0.8477088948787062,8.265895953757225,0.5930168456389495,1.0504800143269446,7.291536331176758
Thyroid,0,5,0.9595375722543352,0.8593985835365145,0.8477088948787062,8.265895953757225,0.5930168456389495,1.0504800143269446,7.291536331176758
Thyroid,0,7,0.9595375722543352,0.8593985835365145,0.8477088948787062,8.265895953757225,0.5930168456389495,1.0504800143269446,7.291536331176758
Thyroid,1,1,0.976878612716763,0.9029180695847363,0.8461538461538461,8.196531791907514,0.5968350351415354,1.0310583982853532,7.145292520523071
Thyroid,1,3,0.976878612716763,0.9029180695847363,0.8461538461538461,8.196531791907514,0.5968350351415354,1.0310583982853532,7.145292520523071
Thyroid,1,5,0.9710982658959537,0.8732600732600733,0.8076923076923077,8.196531791907514,0.5968350351415354,1.0310583982853532,7.145292520523071
Thyroid,1,7,0.9710982658959537,0.8732600732600733,0.8076923076923077,8.196531791907514,0.5968350351415354,1.0310583982853532,7.145292520523071
Thyroid,2,1,0.9710982658959537,0.9114183307731695,0.984375,8.173410404624278,0.5937396479533308,1.1307449340820312,7.7859954833984375
Thyroid,2,3,0.976878612716763,0.9270042194092827,0.9875,8.173410404624278,0.5937396479533308,1.1307449340820312,7.7859954833984375
Thyroid,2,5,0.9826589595375722,0.9435440008702274,0.990625,8.173410404624278,0.5937396479533308,1.1307449340820312,7.7859954833984375
Thyroid,2,7,0.9826589595375722,0.9435440008702274,0.990625,8.173410404624278,0.5937396479533308,1.1307449340820312,7.7859954833984375
Thyroid,3,1,0.9364161849710982,0.7628660436137071,0.7374213836477987,8.23121387283237,0.5887213998370603,0.9980939757617223,6.950869083404541
Thyroid,3,3,0.9364161849710982,0.7628660436137071,0.7374213836477987,8.23121387283237,0.5887213998370603,0.9980939757617223,6.950869083404541
Thyroid,3,5,0.9421965317919075,0.7920673076923077,0.7731356693620844,8.23121387283237,0.5887213998370603,0.9980939757617223,6.950869083404541
Thyroid,3,7,0.9479768786127167,0.805981308411215,0.7762803234501348,8.23121387283237,0.5887213998370603,0.9980939757617223,6.950869083404541
Thyroid,4,1,0.953757225433526,0.8058361391694725,0.7468553459119497,8.173410404624278,0.5995360297508902,1.0658455556527728,7.345788955688477
Thyroid,4,3,0.9479768786127167,0.790415937542065,0.7437106918238994,8.173410404624278,0.5995360297508902,1.0658455556527728,7.345788955688477
Thyroid,4,5,0.9479768786127167,0.790415937542065,0.7437106918238994,8.173410404624278,0.5995360297508902,1.0658455556527728,7.345788955688477
Thyroid,4,7,0.9479768786127167,0.790415937542065,0.7437106918238994,8.173410404624278,0.5995360297508902,1.0658455556527728,7.345788955688477
Thyroid,5,1,0.976878612716763,0.916826923076923,0.916826923076923,8.329479768786127,0.5889719697706797,1.0795407350352735,7.509748935699463
Thyroid,5,3,0.9710982658959537,0.8995704168117962,0.913701923076923,8.329479768786127,0.5889719697706797,1.0795407350352735,7.509748935699463
Thyroid,5,5,0.976878612716763,0.916826923076923,0.916826923076923,8.329479768786127,0.5889719697706797,1.0795407350352735,7.509748935699463
Thyroid,5,7,0.9710982658959537,0.8922118380062305,0.8783653846153847,8.329479768786127,0.5889719697706797,1.0795407350352735,7.509748935699463
Thyroid,6,1,0.953757225433526,0.8336538461538461,0.8119946091644206,8.15028901734104,0.5888854676515531,1.0698496261773083,7.469258069992065
Thyroid,6,3,0.9479768786127167,0.8192267502612329,0.8088499550763701,8.15028901734104,0.5888854676515531,1.0698496261773083,7.469258069992065
Thyroid,6,5,0.9479768786127167,0.8192267502612329,0.8088499550763701,8.15028901734104,0.5888854676515531,1.0698496261773083,7.469258069992065
Thyroid,6,7,0.953757225433526,0.8336538461538461,0.8119946091644206,8.15028901734104,0.5888854676515531,1.0698496261773083,7.469258069992065
Thyroid,7,1,0.9595375722543352,0.8682693353638637,0.9074519230769231,8.219653179190752,0.5906846939654318,1.0057577370219148,6.940993309020996
Thyroid,7,3,0.9595375722543352,0.8682693353638637,0.9074519230769231,8.219653179190752,0.5906846939654318,1.0057577370219148,6.940993309020996
Thyroid,7,5,0.9653179190751445,0.883423180592992,0.9105769230769231,8.219653179190752,0.5906846939654318,1.0057577370219148,6.940993309020996
Thyroid,7,7,0.9653179190751445,0.883423180592992,0.9105769230769231,8.219653179190752,0.5906846939654318,1.0057577370219148,6.940993309020996
Thyroid,8,1,0.9826589595375722,0.930138645847355,0.8846153846153846,8.31791907514451,0.599995979720813,1.0123034171286347,6.963477849960327
Thyroid,8,3,0.976878612716763,0.9029180695847363,0.8461538461538461,8.31791907514451,0.599995979720813,1.0123034171286347,6.963477849960327
Thyroid,8,5,0.9710982658959537,0.8732600732600733,0.8076923076923077,8.31791907514451,0.599995979720813,1.0123034171286347,6.963477849960327
Thyroid,8,7,0.9710982658959537,0.8732600732600733,0.8076923076923077,8.31791907514451,0.599995979720813,1.0123034171286347,6.963477849960327
Thyroid,9,1,0.9653179190751445,0.8752403846153847,0.8508535489667566,8.294797687861271,0.5944992276313401,0.9943659029944094,6.906055688858032
Thyroid,9,3,0.9595375722543352,0.8593985835365145,0.8477088948787062,8.294797687861271,0.5944992276313401,0.9943659029944094,6.906055688858032
Thyroid,9,5,0.9595375722543352,0.8593985835365145,0.8477088948787062,8.294797687861271,0.5944992276313401,0.9943659029944094,6.906055688858032
Thyroid,9,7,0.9595375722543352,0.8593985835365145,0.8477088948787062,8.294797687861271,0.5944992276313401,0.9943659029944094,6.906055688858032
Thyroid,10,1,0.9479768786127167,0.805981308411215,0.7951923076923078,8.38150289017341,0.5915944150176407,1.035857408722012,7.1132652759552
Thyroid,10,3,0.9479768786127167,0.790415937542065,0.7598557692307693,8.38150289017341,0.5915944150176407,1.035857408722012,7.1132652759552
Thyroid,10,5,0.9479768786127167,0.790415937542065,0.7598557692307693,8.38150289017341,0.5915944150176407,1.035857408722012,7.1132652759552
Thyroid,10,7,0.9479768786127167,0.790415937542065,0.7598557692307693,8.38150289017341,0.5915944150176407,1.035857408722012,7.1132652759552
Thyroid,11,1,0.9364161849710982,0.7929946698575003,0.8242788461538462,8.15606936416185,0.5945696119686266,1.039752741080488,7.146689176559448
Thyroid,11,3,0.9364161849710982,0.7929946698575003,0.8242788461538462,8.15606936416185,0.5945696119686266,1.039752741080488,7.146689176559448
Thyroid,11,5,0.930635838150289,0.7668463611859838,0.7858173076923077,8.15606936416185,0.5945696119686266,1.039752741080488,7.146689176559448
Thyroid,11,7,0.930635838150289,0.7668463611859838,0.7858173076923077,8.15606936416185,0.5945696119686266,1.039752741080488,7.146689176559448
Thyroid,12,1,0.9710982658959537,0.8922118380062305,0.8783653846153847,8.323699421965317,0.5891982278363055,1.0307101128418321,7.112168550491333
Thyroid,12,3,0.9710982658959537,0.8922118380062305,0.8783653846153847,8.323699421965317,0.5891982278363055,1.0307101128418321,7.112168550491333
Thyroid,12,5,0.9710982658959537,0.8922118380062305,0.8783653846153847,8.323699421965317,0.5891982278363055,1.0307101128418321,7.112168550491333
Thyroid,12,7,0.9653179190751445,0.8656832298136645,0.8399038461538462,8.323699421965317,0.5891982278363055,1.0307101128418321,7.112168550491333
Thyroid,13,1,0.9421965317919075,0.8175105485232068,0.8627403846153847,8.352601156069364,0.6011950239130537,1.106750142367589,7.557809352874756
Thyroid,13,3,0.9421965317919075,0.8057053009883199,0.8274038461538462,8.352601156069364,0.6011950239130537,1.106750142367589,7.557809352874756
Thyroid,13,5,0.9421965317919075,0.8057053009883199,0.8274038461538462,8.352601156069364,0.6011950239130537,1.106750142367589,7.557809352874756
Thyroid,13,7,0.9421965317919075,0.8057053009883199,0.8274038461538462,8.352601156069364,0.6011950239130537,1.106750142367589,7.557809352874756
Thyroid,14,1,0.976878612716763,0.922282120395328,0.9521634615384615,8.236994219653178,0.5807387981787465,1.0884018027024462,7.558812856674194
Thyroid,14,3,0.9884393063583815,0.9584134615384616,0.9584134615384616,8.236994219653178,0.5807387981787465,1.0884018027024462,7.558812856674194
Thyroid,14,5,0.9884393063583815,0.9584134615384616,0.9584134615384616,8.236994219653178,0.5807387981787465,1.0884018027024462,7.558812856674194
Thyroid,14,7,0.9826589595375722,0.9397422500870776,0.9552884615384616,8.236994219653178,0.5807387981787465,1.0884018027024462,7.558812856674194
Thyroid,15,1,0.9653179190751445,0.8656832298136645,0.8399038461538462,8.265895953757225,0.5836944980645934,1.1015147101672398,7.601970911026001
Thyroid,15,3,0.953757225433526,0.820910973084886,0.7983173076923077,8.265895953757225,0.5836944980645934,1.1015147101672398,7.601970911026001
Thyroid,15,5,0.953757225433526,0.820910973084886,0.7983173076923077,8.265895953757225,0.5836944980645934,1.1015147101672398,7.601970911026001
Thyroid,15,7,0.953757225433526,0.820910973084886,0.7983173076923077,8.265895953757225,0.5836944980645934,1.1015147101672398,7.601970911026001
Thyroid,16,1,0.9479768786127167,0.805981308411215,0.7951923076923078,8.369942196531792,0.594017756099304,1.0596548780540511,7.325571775436401
Thyroid,16,3,0.953757225433526,0.820910973084886,0.7983173076923077,8.369942196531792,0.594017756099304,1.0596548780540511,7.325571775436401
Thyroid,16,5,0.953757225433526,0.820910973084886,0.7983173076923077,8.369942196531792,0.594017756099304,1.0596548780540511,7.325571775436401
Thyroid,16,7,0.953757225433526,0.820910973084886,0.7983173076923077,8.369942196531792,0.594017756099304,1.0596548780540511,7.325571775436401
Thyroid,17,1,0.953757225433526,0.8336538461538461,0.8336538461538461,8.416184971098266,0.5951151447617625,0.9896094220222076,6.827640771865845
Thyroid,17,3,0.9479768786127167,0.805981308411215,0.7951923076923078,8.416184971098266,0.5951151447617625,0.9896094220222076,6.827640771865845
Thyroid,17,5,0.9479768786127167,0.805981308411215,0.7951923076923078,8.416184971098266,0.5951151447617625,0.9896094220222076,6.827640771865845
Thyroid,17,7,0.9479768786127167,0.805981308411215,0.7951923076923078,8.416184971098266,0.5951151447617625,0.9896094220222076,6.827640771865845
Thyroid,18,1,0.9595375722543352,0.8593985835365145,0.8477088948787062,8.260115606936417,0.595323637409695,1.0221039697614018,7.066188097000122
Thyroid,18,3,0.953757225433526,0.8336538461538461,0.8119946091644206,8.260115606936417,0.595323637409695,1.0221039697614018,7.066188097000122
Thyroid,18,5,0.9421965317919075,0.7761387163561078,0.7405660377358491,8.260115606936417,0.595323637409695,1.0221039697614018,7.066188097000122
Thyroid,18,7,0.9364161849710982,0.7211721611721611,0.672282120395328,8.260115606936417,0.595323637409695,1.0221039697614018,7.066188097000122
Thyroid,19,1,0.9710982658959537,0.8835644097455917,0.8430288461538462,8.283236994219653,0.6015600635557706,1.1142385901743277,7.6650025844573975
Thyroid,19,3,0.9710982658959537,0.8835644097455917,0.8430288461538462,8.283236994219653,0.6015600635557706,1.1142385901743277,7.6650025844573975
Thyroid,19,5,0.9710982658959537,0.8835644097455917,0.8430288461538462,8.283236994219653,0.6015600635557706,1.1142385901743277,7.6650025844573975
Thyroid,19,7,0.9710982658959537,0.8835644097455917,0.8430288461538462,8.283236994219653,0.6015600635557706,1.1142385901743277,7.6650025844573975
Transfusion,0,1,0.732620320855615,0.4749550763701707,0.5051643192488263,8.3475935828877,0.6282425895035285,1.1485566149420916,8.422703266143799
Transfusion,0,3,0.7433155080213903,0.49595687331536387,0.5197965571205008,8.3475935828877,0.6282425895035285,1.1485566149420916,8.422703266143799
Transfusion,0,5,0.7486631016042781,0.4990595611285267,0.5233176838810641,8.3475935828877,0.6282425895035285,1.1485566149420916,8.422703266143799
Transfusion,0,7,0.7486631016042781,0.4990595611285267,0.5233176838810641,8.3475935828877,0.6282425895035285,1.1485566149420916,8.422703266143799
Transfusion,1,1,0.7593582887700535,0.5342852399136643,0.5437062937062938,8.385026737967914,0.6192645451171278,1.052027792854105,7.716542959213257
Transfusion,1,3,0.7807486631016043,0.5493446188209017,0.5576923076923077,8.385026737967914,0.6192645451171278,1.052027792854105,7.716542959213257
Transfusion,1,5,0.786096256684492,0.5532728141423794,0.5611888111888113,8.385026737967914,0.6192645451171278,1.052027792854105,7.716542959213257
Transfusion,1,7,0.7807486631016043,0.5345717234262126,0.5498251748251748,8.385026737967914,0.6192645451171278,1.052027792854105,7.716542959213257
Transfusion,2,1,0.7754010695187166,0.5454861111111111,0.5541958041958042,8.245989304812834,0.6218378650956362,1.0147774130265343,7.565260410308838
Transfusion,2,3,0.7593582887700535,0.4891640866873065,0.5201048951048951,8.245989304812834,0.6218378650956362,1.0147774130265343,7.565260410308838
Transfusion,2,5,0.7433155080213903,0.4639273769708553,0.5017482517482518,8.245989304812834,0.6218378650956362,1.0147774130265343,7.565260410308838
Transfusion,2,7,0.7540106951871658,0.46901234567901234,0.5087412587412588,8.245989304812834,0.6218378650956362,1.0147774130265343,7.565260410308838
Transfusion,3,1,0.7754010695187166,0.5309364548494984,0.5485133020344288,8.27807486631016,0.6320578003927747,1.1036591160106148,8.147095680236816
Transfusion,3,3,0.7754010695187166,0.5151851851851852,0.540923317683881,8.27807486631016,0.6320578003927747,1.1036591160106148,8.147095680236816
Transfusion,3,5,0.7754010695187166,0.5151851851851852,0.540923317683881,8.27807486631016,0.6320578003927747,1.1036591160106148,8.147095680236816
Transfusion,3,7,0.7754010695187166,0.5151851851851852,0.540923317683881,8.27807486631016,0.6320578003927747,1.1036591160106148,8.147095680236816
Transfusion,4,1,0.7700534759358288,0.541692789968652,0.5506993006993006,8.245989304812834,0.615029347909206,1.0149982766034131,7.521424293518066
Transfusion,4,3,0.7754010695187166,0.5309364548494984,0.5463286713286714,8.245989304812834,0.615029347909206,1.0149982766034131,7.521424293518066
Transfusion,4,5,0.7647058823529411,0.5086000955566172,0.5314685314685315,8.245989304812834,0.615029347909206,1.0149982766034131,7.521424293518066
Transfusion,4,7,0.7700534759358288,0.5118679050567596,0.534965034965035,8.245989304812834,0.615029347909206,1.0149982766034131,7.521424293518066
Transfusion,5,1,0.7647058823529411,0.5746484698097601,0.571830985915493,8.342245989304812,0.6186018502843085,1.0341139094714813,7.660457611083984
Transfusion,5,3,0.7593582887700535,0.5592625569580475,0.5607198748043818,8.342245989304812,0.6186018502843085,1.0341139094714813,7.660457611083984
Transfusion,5,5,0.7540106951871658,0.5306634657354867,0.542018779342723,8.342245989304812,0.6186018502843085,1.0341139094714813,7.660457611083984
Transfusion,5,7,0.7433155080213903,0.49595687331536387,0.5197965571205008,8.342245989304812,0.6186018502843085,1.0341139094714813,7.660457611083984
Transfusion,6,1,0.7379679144385026,0.5545237979483689,0.5542253521126761,8.251336898395722,0.6249931144468757,0.974550015148632,7.273594617843628
Transfusion,6,3,0.7379679144385026,0.5437888971869554,0.5466353677621283,8.251336898395722,0.6249931144468757,0.974550015148632,7.273594617843628
Transfusion,6,5,0.7486631016042781,0.5135868061320494,0.5309076682316118,8.251336898395722,0.6249931144468757,0.974550015148632,7.273594617843628
Transfusion,6,7,0.7540106951871658,0.5169586702605571,0.5344287949921752,8.251336898395722,0.6249931144468757,0.974550015148632,7.273594617843628
Transfusion,7,1,0.7593582887700535,0.5342852399136643,0.5455399061032864,8.155080213903743,0.625773414470846,1.0581802442112072,7.783831596374512
Transfusion,7,3,0.7700534759358288,0.541692789968652,0.5525821596244131,8.155080213903743,0.625773414470846,1.0581802442112072,7.783831596374512
Transfusion,7,5,0.7647058823529411,0.5086000955566172,0.5338810641627543,8.155080213903743,0.625773414470846,1.0581802442112072,7.783831596374512
Transfusion,7,7,0.7700534759358288,0.5118679050567596,0.5374021909233176,8.155080213903743,0.625773414470846,1.0581802442112072,7.783831596374512
Transfusion,8,1,0.7486631016042781,0.5514214260194967,0.5524475524475525,8.294117647058824,0.6201024115813529,0.9695783808907086,7.316067218780518
Transfusion,8,3,0.7540106951871658,0.5664314516129032,0.5638111888111889,8.294117647058824,0.6201024115813529,0.9695783808907086,7.316067218780518
Transfusion,8,5,0.7593582887700535,0.5705098759761139,0.5673076923076923,8.294117647058824,0.6201024115813529,0.9695783808907086,7.316067218780518
Transfusion,8,7,0.7540106951871658,0.5664314516129032,0.5638111888111889,8.294117647058824,0.6201024115813529,0.9695783808907086,7.316067218780518
Transfusion,9,1,0.7593582887700535,0.5053782401692823,0.5303599374021909,8.417112299465241,0.6294857324401177,0.9616061276930539,7.252222299575806
Transfusion,9,3,0.7647058823529411,0.49209876543209874,0.5262910798122066,8.417112299465241,0.6294857324401177,0.9616061276930539,7.252222299575806
Transfusion,9,5,0.7647058823529411,0.47418200408997957,0.5187010954616589,8.417112299465241,0.6294857324401177,0.9616061276930539,7.252222299575806
Transfusion,9,7,0.7593582887700535,0.4316109422492401,0.5,8.417112299465241,0.6294857324401177,0.9616061276930539,7.252222299575806
Transfusion,10,1,0.7700534759358288,0.5549836736952791,0.5585664335664335,8.251336898395722,0.6304910795620551,0.95970726778163,7.226315498352051
Transfusion,10,3,0.7700534759358288,0.527361429495092,0.5428321678321678,8.251336898395722,0.6304910795620551,0.95970726778163,7.226315498352051
Transfusion,10,5,0.7593582887700535,0.4891640866873065,0.5201048951048951,8.251336898395722,0.6304910795620551,0.95970726778163,7.226315498352051
Transfusion,10,7,0.7540106951871658,0.46901234567901234,0.5087412587412588,8.251336898395722,0.6304910795620551,0.95970726778163,7.226315498352051
Transfusion,11,1,0.7700534759358288,0.541692789968652,0.5525821596244131,8.240641711229946,0.6273669681795552,1.041820866538879,7.713778972625732
Transfusion,11,3,0.7807486631016043,0.5493446188209017,0.5596244131455399,8.240641711229946,0.6273669681795552,1.041820866538879,7.713778972625732
Transfusion,11,5,0.7700534759358288,0.5118679050567596,0.5374021909233176,8.240641711229946,0.6273669681795552,1.041820866538879,7.713778972625732
Transfusion,11,7,0.7647058823529411,0.5086000955566172,0.5338810641627543,8.240641711229946,0.6273669681795552,1.041820866538879,7.713778972625732
Transfusion,12,1,0.7219251336898396,0.49731182795698925,0.5113636363636364,8.48663101604278,0.6216241543956862,1.034228054597416,7.631536245346069
Transfusion,12,3,0.732620320855615,0.5037154989384289,0.5183566433566433,8.48663101604278,0.6216241543956862,1.034228054597416,7.631536245346069
Transfusion,12,5,0.7433155080213903,0.5102575294631165,0.5253496503496503,8.48663101604278,0.6216241543956862,1.034228054597416,7.631536245346069
Transfusion,12,7,0.7540106951871658,0.5169586702605571,0.5323426573426573,8.48663101604278,0.6216241543956862,1.034228054597416,7.631536245346069
Transfusion,13,1,0.732620320855615,0.5400432900432901,0.541958041958042,8.358288770053475,0.6215449686801316,1.0265666762775278,7.61864447593689
Transfusion,13,3,0.7379679144385026,0.5069679849340867,0.5218531468531469,8.358288770053475,0.6215449686801316,1.0265666762775278,7.61864447593689
Transfusion,13,5,0.7272727272727273,0.48684422921711057,0.506993006993007,8.358288770053475,0.6215449686801316,1.0265666762775278,7.61864447593689
Transfusion,13,7,0.7379679144385026,0.4437564499484004,0.49038461538461536,8.358288770053475,0.6215449686801316,1.0265666762775278,7.61864447593689
Transfusion,14,1,0.7700534759358288,0.5118679050567596,0.534965034965035,8.251336898395722,0.6210718465393551,1.042977764007242,7.661841869354248
Transfusion,14,3,0.7754010695187166,0.4794538706256628,0.5227272727272727,8.251336898395722,0.6210718465393551,1.042977764007242,7.661841869354248
Transfusion,14,5,0.7700534759358288,0.45687267814927385,0.5113636363636364,8.251336898395722,0.6210718465393551,1.042977764007242,7.661841869354248
Transfusion,14,7,0.7700534759358288,0.45687267814927385,0.5113636363636364,8.251336898395722,0.6210718465393551,1.042977764007242,7.661841869354248
Transfusion,15,1,0.7272727272727273,0.5659673235334274,0.5620629370629371,8.433155080213904,0.6276342279669477,1.0351722125701088,7.641839504241943
Transfusion,15,3,0.7433155080213903,0.5359801488833746,0.5410839160839161,8.433155080213904,0.6276342279669477,1.0351722125701088,7.641839504241943
Transfusion,15,5,0.7433155080213903,0.5102575294631165,0.5253496503496503,8.433155080213904,0.6276342279669477,1.0351722125701088,7.641839504241943
Transfusion,15,7,0.7647058823529411,0.5379604672057502,0.5472027972027972,8.433155080213904,0.6276342279669477,1.0351722125701088,7.641839504241943
Transfusion,16,1,0.7433155080213903,0.5584415584415584,0.5577464788732395,8.385026737967914,0.6269841732771275,0.9851910392230845,7.416545629501343
Transfusion,16,3,0.7486631016042781,0.5135868061320494,0.5309076682316118,8.385026737967914,0.6269841732771275,0.9851910392230845,7.416545629501343
Transfusion,16,5,0.7433155080213903,0.4805555555555555,0.5122065727699531,8.385026737967914,0.6269841732771275,0.9851910392230845,7.416545629501343
Transfusion,16,7,0.7486631016042781,0.4833950508434726,0.5157276995305164,8.385026737967914,0.6269841732771275,0.9851910392230845,7.416545629501343
Transfusion,17,1,0.7433155080213903,0.5102575294631165,0.5253496503496503,8.149732620320856,0.6300601580320768,0.9826158928998652,7.3560755252838135
Transfusion,17,3,0.7540106951871658,0.5169586702605571,0.5323426573426573,8.149732620320856,0.6300601580320768,0.9826158928998652,7.3560755252838135
Transfusion,17,5,0.7647058823529411,0.5238425925925926,0.5393356643356643,8.149732620320856,0.6300601580320768,0.9826158928998652,7.3560755252838135
Transfusion,17,7,0.7593582887700535,0.5053782401692823,0.5279720279720279,8.149732620320856,0.6300601580320768,0.9826158928998652,7.3560755252838135
Transfusion,18,1,0.7540106951871658,0.5169586702605571,0.5344287949921752,8.331550802139038,0.626213490215384,1.1586767543445935,8.427366256713867
Transfusion,18,3,0.7593582887700535,0.5053782401692823,0.5303599374021909,8.331550802139038,0.626213490215384,1.1586767543445935,8.427366256713867
Transfusion,18,5,0.7486631016042781,0.4664602683178535,0.5081377151799688,8.331550802139038,0.626213490215384,1.1586767543445935,8.427366256713867
Transfusion,18,7,0.7540106951871658,0.46901234567901234,0.5116588419405321,8.331550802139038,0.626213490215384,1.1586767543445935,8.427366256713867
Transfusion,19,1,0.7219251336898396,0.49731182795698925,0.5113636363636364,8.283422459893048,0.6129353614748477,1.0001883353779022,7.421216249465942
Transfusion,19,3,0.7433155080213903,0.4639273769708553,0.5017482517482518,8.283422459893048,0.6129353614748477,1.0001883353779022,7.421216249465942
Transfusion,19,5,0.7647058823529411,0.49209876543209874,0.5236013986013986,8.283422459893048,0.6129353614748477,1.0001883353779022,7.421216249465942
Transfusion,19,7,0.7647058823529411,0.49209876543209874,0.5236013986013986,8.283422459893048,0.6129353614748477,1.0001883353779022,7.421216249465942
Vehicle,0,1,0.7641509433962265,0.765162715804025,0.7668988693247453,8.349056603773585,0.43422143136174696,1.3542488071153749,11.200437307357788
Vehicle,0,3,0.7452830188679245,0.7425245964252266,0.7484160044806945,8.349056603773585,0.43422143136174696,1.3542488071153749,11.200437307357788
Vehicle,0,5,0.7452830188679245,0.7468041476808318,0.7483739979696853,8.349056603773585,0.43422143136174696,1.3542488071153749,11.200437307357788
Vehicle,0,7,0.7311320754716981,0.7333558423369348,0.7345661077467007,8.349056603773585,0.43422143136174696,1.3542488071153749,11.200437307357788
Vehicle,1,1,0.7830188679245284,0.7840251264653856,0.7858088003640564,8.273584905660377,0.44272280533995495,1.3696312758157838,11.220083951950073
Vehicle,1,3,0.7877358490566038,0.7881741881520643,0.790525781496132,8.273584905660377,0.44272280533995495,1.3696312758157838,11.220083951950073
Vehicle,1,5,0.7735849056603774,0.7737164798532874,0.7767178912731474,8.273584905660377,0.44272280533995495,1.3696312758157838,11.220083951950073
Vehicle,1,7,0.7688679245283019,0.7688168595620624,0.7716158504568207,8.273584905660377,0.44272280533995495,1.3696312758157838,11.220083951950073
Vehicle,2,1,0.7405660377358491,0.7369124268244792,0.7450257289879931,8.325471698113208,0.4321061849869934,1.3898210649220448,11.716405391693115
Vehicle,2,3,0.7405660377358491,0.7365239369610466,0.7437410298596283,8.325471698113208,0.4321061849869934,1.3898210649220448,11.716405391693115
Vehicle,2,5,0.7405660377358491,0.7367084199835566,0.7439125564462492,8.325471698113208,0.4321061849869934,1.3898210649220448,11.716405391693115
Vehicle,2,7,0.7452830188679245,0.742493378426673,0.7493576504358175,8.325471698113208,0.4321061849869934,1.3898210649220448,11.716405391693115
Vehicle,3,1,0.6886792452830188,0.6933137612762001,0.692200791122624,8.325471698113208,0.43348425088434556,1.4043526818167489,11.592737674713135
Vehicle,3,3,0.7122641509433962,0.7158464342674868,0.7152711170231385,8.325471698113208,0.43348425088434556,1.4043526818167489,11.592737674713135
Vehicle,3,5,0.7311320754716981,0.731026058197581,0.7358508068750655,8.325471698113208,0.43348425088434556,1.4043526818167489,11.592737674713135
Vehicle,3,7,0.7169811320754716,0.7173264761456392,0.721486330381209,8.325471698113208,0.43348425088434556,1.4043526818167489,11.592737674713135
Vehicle,4,1,0.7169811320754716,0.7172821284497662,0.7213568103055973,8.528301886792454,0.43552502653740327,1.3919181688776556,11.605654001235962
Vehicle,4,3,0.7028301886792453,0.7027039517299027,0.7068208072251199,8.528301886792454,0.43552502653740327,1.3919181688776556,11.605654001235962
Vehicle,4,5,0.7311320754716981,0.7298260868042421,0.7357212867994539,8.528301886792454,0.43552502653740327,1.3919181688776556,11.605654001235962
Vehicle,4,7,0.7405660377358491,0.7379215993834504,0.7446406693037421,8.528301886792454,0.43552502653740327,1.3919181688776556,11.605654001235962
Vehicle,5,1,0.7594339622641509,0.7568304598789004,0.7638096404942766,8.429245283018869,0.43227660897146586,1.4100423567699936,11.709483861923218
Vehicle,5,3,0.7783018867924528,0.7753822079571246,0.7832761578044596,8.429245283018869,0.43227660897146586,1.4100423567699936,11.709483861923218
Vehicle,5,5,0.7924528301886793,0.789646296104558,0.7968705149298141,8.429245283018869,0.43227660897146586,1.4100423567699936,11.709483861923218
Vehicle,5,7,0.7783018867924528,0.7754433121104126,0.7832761578044597,8.429245283018869,0.43227660897146586,1.4100423567699936,11.709483861923218
Vehicle,6,1,0.7405660377358491,0.7369623559882913,0.7438705499352399,8.38679245283019,0.43292728432074135,1.3439213419860263,11.19045615196228
Vehicle,6,3,0.7405660377358491,0.7362748518785638,0.7440840830328701,8.38679245283019,0.43292728432074135,1.3439213419860263,11.19045615196228
Vehicle,6,5,0.7452830188679245,0.7397863739247299,0.7491861238491966,8.38679245283019,0.43292728432074135,1.3439213419860263,11.19045615196228
Vehicle,6,7,0.7452830188679245,0.7390994615536911,0.7491861238491966,8.38679245283019,0.43292728432074135,1.3439213419860263,11.19045615196228
Vehicle,7,1,0.7547169811320755,0.7379802379574338,0.7612349914236707,8.349056603773585,0.43412600642754096,1.3637478216639105,11.123879194259644
Vehicle,7,3,0.75,0.7308961444183347,0.7568190569538278,8.349056603773585,0.43412600642754096,1.3637478216639105,11.123879194259644
Vehicle,7,5,0.7641509433962265,0.7487659448145993,0.7697273077326986,8.349056603773585,0.43412600642754096,1.3637478216639105,11.123879194259644
Vehicle,7,7,0.7594339622641509,0.7476351790734412,0.7642822137431302,8.349056603773585,0.43412600642754096,1.3637478216639105,11.123879194259644
Vehicle,8,1,0.7122641509433962,0.7047965555903213,0.7150575839255084,8.334905660377359,0.42854850121165516,1.3802748367471516,11.384809017181396
Vehicle,8,3,0.7311320754716981,0.7255781281584799,0.7337959883781986,8.334905660377359,0.42854850121165516,1.3802748367471516,11.384809017181396
Vehicle,8,5,0.7452830188679245,0.7420016491445063,0.7474323520145623,8.334905660377359,0.42854850121165516,1.3802748367471516,11.384809017181396
Vehicle,8,7,0.7358490566037735,0.7331667913010633,0.7376133300661603,8.334905660377359,0.42854850121165516,1.3802748367471516,11.384809017181396
Vehicle,9,1,0.7594339622641509,0.7528545342655084,0.7635506003430531,8.34433962264151,0.4402373366000983,1.3665507087167703,11.291322946548462
Vehicle,9,3,0.7216981132075472,0.7109511102932156,0.7263293310463121,8.34433962264151,0.4402373366000983,1.3665507087167703,11.291322946548462
Vehicle,9,5,0.7122641509433962,0.7040906057960031,0.716853362271152,8.34433962264151,0.4402373366000983,1.3665507087167703,11.291322946548462
Vehicle,9,7,0.7264150943396226,0.7198075753117381,0.7308327790807575,8.34433962264151,0.4402373366000983,1.3665507087167703,11.291322946548462
Vehicle,10,1,0.7216981132075472,0.7263296571341633,0.7272744775440193,8.36320754716981,0.4170876844093107,1.3539433445570603,11.033983945846558
Vehicle,10,3,0.7311320754716981,0.7347389212095095,0.7365369132215492,8.36320754716981,0.4170876844093107,1.3539433445570603,11.033983945846558
Vehicle,10,5,0.7405660377358491,0.7424392654257965,0.7459708754857003,8.36320754716981,0.4170876844093107,1.3539433445570603,11.033983945846558
Vehicle,10,7,0.7641509433962265,0.7655091159270726,0.7686981482129729,8.36320754716981,0.4170876844093107,1.3539433445570603,11.033983945846558
Vehicle,11,1,0.7216981132075472,0.7224373599643923,0.7249606188959288,8.287735849056604,0.43112981070237927,1.3790528043261114,11.347709655761719
Vehicle,11,3,0.7358490566037735,0.7361804828910511,0.7396681485630272,8.287735849056604,0.43112981070237927,1.3790528043261114,11.347709655761719
Vehicle,11,5,0.7594339622641509,0.7604550130375478,0.7630815276367837,8.287735849056604,0.43112981070237927,1.3790528043261114,11.347709655761719
Vehicle,11,7,0.7735849056603774,0.7747518381181747,0.7763328315888962,8.287735849056604,0.43112981070237927,1.3790528043261114,11.347709655761719
Vehicle,12,1,0.7971698113207547,0.8003861343147796,0.8001312703469038,8.268867924528301,0.4345474415038957,1.3682411897857234,11.288503170013428
Vehicle,12,3,0.7688679245283019,0.7711785702439907,0.7729005495851857,8.268867924528301,0.4345474415038957,1.3682411897857234,11.288503170013428
Vehicle,12,5,0.7830188679245284,0.7845373945373946,0.7870934994924214,8.268867924528301,0.4345474415038957,1.3682411897857234,11.288503170013428
Vehicle,12,7,0.7924528301886793,0.7939101325509094,0.7961844085833305,8.268867924528301,0.4345474415038957,1.3682411897857234,11.288503170013428
Vehicle,13,1,0.7641509433962265,0.7640790521865632,0.7669828823467637,8.283018867924529,0.4249885225002442,1.3511742870762664,11.189555168151855
Vehicle,13,3,0.7735849056603774,0.7734524903542356,0.774232506038436,8.283018867924529,0.4249885225002442,1.3511742870762664,11.189555168151855
Vehicle,13,5,0.7783018867924528,0.779149991915272,0.7792925403437533,8.283018867924529,0.4249885225002442,1.3511742870762664,11.189555168151855
Vehicle,13,7,0.7924528301886793,0.7905889944112704,0.79387054993524,8.283018867924529,0.4249885225002442,1.3511742870762664,11.189555168151855
Vehicle,14,1,0.7358490566037735,0.7355127626003639,0.7397976686386389,8.226415094339623,0.4288612753021887,1.3722526768468462,11.3518545627594
Vehicle,14,3,0.7547169811320755,0.7495862309865398,0.7587075996779501,8.226415094339623,0.4288612753021887,1.3722526768468462,11.3518545627594
Vehicle,14,5,0.7405660377358491,0.7358449325985397,0.7441715965974726,8.226415094339623,0.4288612753021887,1.3722526768468462,11.3518545627594
Vehicle,14,7,0.7405660377358491,0.7379071324683553,0.7441715965974726,8.226415094339623,0.4288612753021887,1.3722526768468462,11.3518545627594
Vehicle,15,1,0.7688679245283019,0.7691327452447652,0.7705026779150768,8.400943396226415,0.44360080401158114,1.3612954470346559,11.292428731918335
Vehicle,15,3,0.7735849056603774,0.7721394624103983,0.7759897784156544,8.400943396226415,0.44360080401158114,1.3612954470346559,11.292428731918335
Vehicle,15,5,0.7783018867924528,0.777955643390426,0.7812633458186018,8.400943396226415,0.44360080401158114,1.3612954470346559,11.292428731918335
Vehicle,15,7,0.7830188679245284,0.7824861679541483,0.7858088003640564,8.400943396226415,0.44360080401158114,1.3612954470346559,11.292428731918335
Vehicle,16,1,0.7358490566037735,0.7338475868333105,0.7385969825322924,8.415094339622641,0.43299456309863577,1.3446915779473647,11.094190120697021
Vehicle,16,3,0.7594339622641509,0.7585281191822135,0.7616673084328072,8.415094339622641,0.43299456309863577,1.3446915779473647,11.094190120697021
Vehicle,16,5,0.7547169811320755,0.7527597803437156,0.7571218538873525,8.415094339622641,0.43299456309863577,1.3446915779473647,11.094190120697021
Vehicle,16,7,0.7452830188679245,0.7420365172954697,0.7482444778940736,8.415094339622641,0.43299456309863577,1.3446915779473647,11.094190120697021
Vehicle,17,1,0.7688679245283019,0.7664414013494728,0.770544684426086,8.471698113207546,0.4394108129880595,1.3740461131311812,11.506464719772339
Vehicle,17,3,0.7641509433962265,0.761697529061277,0.7674554555956173,8.471698113207546,0.4394108129880595,1.3740461131311812,11.506464719772339
Vehicle,17,5,0.7830188679245284,0.7816250513393691,0.7859803269506773,8.471698113207546,0.4394108129880595,1.3740461131311812,11.506464719772339
Vehicle,17,7,0.7877358490566038,0.785617403325088,0.7906973080827528,8.471698113207546,0.4394108129880595,1.3740461131311812,11.506464719772339
Vehicle,18,1,0.7547169811320755,0.756048951048951,0.7587075996779501,8.254716981132075,0.4249638822947535,1.3589591361441702,11.37656307220459
Vehicle,18,3,0.7783018867924528,0.7782471473136816,0.7818199320894739,8.254716981132075,0.4249638822947535,1.3589591361441702,11.37656307220459
Vehicle,18,5,0.7688679245283019,0.7678331977829287,0.7721724367276928,8.254716981132075,0.4249638822947535,1.3589591361441702,11.37656307220459
Vehicle,18,7,0.7594339622641509,0.758926931485141,0.7630815276367837,8.254716981132075,0.4249638822947535,1.3589591361441702,11.37656307220459
Vehicle,19,1,0.7075471698113207,0.7082074932074932,0.710897189064305,8.235849056603774,0.4282009491042468,1.3366038922993642,10.897454261779785
Vehicle,19,3,0.7169811320754716,0.7163985857500894,0.7194735183953512,8.235849056603774,0.4282009491042468,1.3366038922993642,10.897454261779785
Vehicle,19,5,0.7122641509433962,0.7115282803094948,0.7153131235341478,8.235849056603774,0.4282009491042468,1.3366038922993642,10.897454261779785
Vehicle,19,7,0.7216981132075472,0.7214398645463002,0.7247470857982987,8.235849056603774,0.4282009491042468,1.3366038922993642,10.897454261779785
Vertebral,0,1,0.8461538461538461,0.8150197628458498,0.8022641509433963,8.294871794871796,0.5642379263929472,1.080202001791734,4.190445184707642
Vertebral,0,3,0.8333333333333334,0.796996996996997,0.7822641509433963,8.294871794871796,0.5642379263929472,1.080202001791734,4.190445184707642
Vertebral,0,5,0.8461538461538461,0.8150197628458498,0.8022641509433963,8.294871794871796,0.5642379263929472,1.080202001791734,4.190445184707642
Vertebral,0,7,0.8461538461538461,0.8150197628458498,0.8022641509433963,8.294871794871796,0.5642379263929472,1.080202001791734,4.190445184707642
Vertebral,1,1,0.8717948717948718,0.8528301886792453,0.8528301886792453,8.333333333333334,0.5528334125607696,0.960239230058132,3.7700655460357666
Vertebral,1,3,0.8589743589743589,0.8397759103641457,0.8433962264150944,8.333333333333334,0.5528334125607696,0.960239230058132,3.7700655460357666
Vertebral,1,5,0.8589743589743589,0.8428283568419125,0.8539622641509435,8.333333333333334,0.5528334125607696,0.960239230058132,3.7700655460357666
Vertebral,1,7,0.8589743589743589,0.8428283568419125,0.8539622641509435,8.333333333333334,0.5528334125607696,0.960239230058132,3.7700655460357666
Vertebral,2,1,0.8461538461538461,0.8150197628458498,0.8022641509433963,8.333333333333334,0.5748096311637827,1.1046346364877162,4.214320182800293
Vertebral,2,3,0.8589743589743589,0.8282282282282283,0.8116981132075471,8.333333333333334,0.5748096311637827,1.1046346364877162,4.214320182800293
Vertebral,2,5,0.8846153846153846,0.8594594594594596,0.8411320754716981,8.333333333333334,0.5748096311637827,1.1046346364877162,4.214320182800293
Vertebral,2,7,0.8846153846153846,0.8594594594594596,0.8411320754716981,8.333333333333334,0.5748096311637827,1.1046346364877162,4.214320182800293
Vertebral,3,1,0.782051282051282,0.7345345345345345,0.7233962264150944,8.333333333333334,0.5580746822345899,1.0393121639887493,4.0831379890441895
Vertebral,3,3,0.782051282051282,0.7345345345345345,0.7233962264150944,8.333333333333334,0.5580746822345899,1.0393121639887493,4.0831379890441895
Vertebral,3,5,0.7948717948717948,0.7533596837944664,0.7433962264150944,8.333333333333334,0.5580746822345899,1.0393121639887493,4.0831379890441895
Vertebral,3,7,0.8076923076923077,0.7657657657657657,0.7528301886792452,8.333333333333334,0.5580746822345899,1.0393121639887493,4.0831379890441895
Vertebral,4,1,0.8717948717948718,0.849537037037037,0.8422641509433962,8.346153846153847,0.5328929566994494,1.0018095970153809,3.8397057056427
Vertebral,4,3,0.8717948717948718,0.849537037037037,0.8422641509433962,8.346153846153847,0.5328929566994494,1.0018095970153809,3.8397057056427
Vertebral,4,5,0.8717948717948718,0.849537037037037,0.8422641509433962,8.346153846153847,0.5328929566994494,1.0018095970153809,3.8397057056427
Vertebral,4,7,0.8846153846153846,0.8661071905397673,0.8622641509433963,8.346153846153847,0.5328929566994494,1.0018095970153809,3.8397057056427
Vertebral,5,1,0.8589743589743589,0.8479532163742689,0.8750943396226416,8.205128205128204,0.5737110245133515,1.0189681817323735,3.908703565597534
Vertebral,5,3,0.8974358974358975,0.8885714285714286,0.9139622641509434,8.205128205128204,0.5737110245133515,1.0189681817323735,3.908703565597534
Vertebral,5,5,0.8974358974358975,0.8885714285714286,0.9139622641509434,8.205128205128204,0.5737110245133515,1.0189681817323735,3.908703565597534
Vertebral,5,7,0.8846153846153846,0.8736273627362736,0.8939622641509435,8.205128205128204,0.5737110245133515,1.0189681817323735,3.908703565597534
Vertebral,6,1,0.8333333333333334,0.8106442577030812,0.8139622641509434,8.461538461538462,0.5685012910440476,1.0087820566617525,3.835545063018799
Vertebral,6,3,0.8589743589743589,0.8325200078079251,0.8222641509433962,8.461538461538462,0.5685012910440476,1.0087820566617525,3.835545063018799
Vertebral,6,5,0.8589743589743589,0.8325200078079251,0.8222641509433962,8.461538461538462,0.5685012910440476,1.0087820566617525,3.835545063018799
Vertebral,6,7,0.8589743589743589,0.8325200078079251,0.8222641509433962,8.461538461538462,0.5685012910440476,1.0087820566617525,3.835545063018799
Vertebral,7,1,0.8717948717948718,0.8458498023715415,0.8316981132075472,8.256410256410257,0.5540847975782193,1.0368136656589997,4.06898832321167
Vertebral,7,3,0.9230769230769231,0.9097222222222222,0.901132075471698,8.256410256410257,0.5540847975782193,1.0368136656589997,4.06898832321167
Vertebral,7,5,0.9102564102564102,0.8958611481975968,0.8916981132075472,8.256410256410257,0.5540847975782193,1.0368136656589997,4.06898832321167
Vertebral,7,7,0.9230769230769231,0.9097222222222222,0.901132075471698,8.256410256410257,0.5540847975782193,1.0368136656589997,4.06898832321167
Vertebral,8,1,0.782051282051282,0.7470913599084493,0.7445283018867925,8.205128205128204,0.5499129088804312,0.9922993397101377,3.7985470294952393
Vertebral,8,3,0.7948717948717948,0.7645283018867925,0.7645283018867925,8.205128205128204,0.5499129088804312,0.9922993397101377,3.7985470294952393
Vertebral,8,5,0.782051282051282,0.7523809523809524,0.7550943396226415,8.205128205128204,0.5499129088804312,0.9922993397101377,3.7985470294952393
Vertebral,8,7,0.7948717948717948,0.7645283018867925,0.7645283018867925,8.205128205128204,0.5499129088804312,0.9922993397101377,3.7985470294952393
Vertebral,9,1,0.8461538461538461,0.8194444444444444,0.8128301886792453,8.384615384615385,0.5446436055723697,1.0486395145073915,4.1039721965789795
Vertebral,9,3,0.8589743589743589,0.8325200078079251,0.8222641509433962,8.384615384615385,0.5446436055723697,1.0486395145073915,4.1039721965789795
Vertebral,9,5,0.8717948717948718,0.8458498023715415,0.8316981132075472,8.384615384615385,0.5446436055723697,1.0486395145073915,4.1039721965789795
Vertebral,9,7,0.8846153846153846,0.8594594594594596,0.8411320754716981,8.384615384615385,0.5446436055723697,1.0486395145073915,4.1039721965789795
Vertebral,10,1,0.7692307692307693,0.686886708296164,0.6716981132075472,8.435897435897436,0.5697681438843067,1.0433755532289162,3.960353374481201
Vertebral,10,3,0.7948717948717948,0.7310344827586206,0.7116981132075472,8.435897435897436,0.5697681438843067,1.0433755532289162,3.960353374481201
Vertebral,10,5,0.7948717948717948,0.7393483709273183,0.7222641509433962,8.435897435897436,0.5697681438843067,1.0433755532289162,3.960353374481201
Vertebral,10,7,0.8076923076923077,0.7518557794273595,0.7316981132075472,8.435897435897436,0.5697681438843067,1.0433755532289162,3.960353374481201
Vertebral,11,1,0.8333333333333334,0.8020691001366387,0.7928301886792453,8.307692307692308,0.5789277905260423,1.0374438946063702,4.0574352741241455
Vertebral,11,3,0.8333333333333334,0.8020691001366387,0.7928301886792453,8.307692307692308,0.5789277905260423,1.0374438946063702,4.0574352741241455
Vertebral,11,5,0.8333333333333334,0.8020691001366387,0.7928301886792453,8.307692307692308,0.5789277905260423,1.0374438946063702,4.0574352741241455
Vertebral,11,7,0.8333333333333334,0.8020691001366387,0.7928301886792453,8.307692307692308,0.5789277905260423,1.0374438946063702,4.0574352741241455
Vertebral,12,1,0.8846153846153846,0.8689075630252101,0.8728301886792453,8.448717948717949,0.5408734815333507,0.9919312886702709,3.944856643676758
Vertebral,12,3,0.9102564102564102,0.8980392156862745,0.9022641509433962,8.448717948717949,0.5408734815333507,0.9919312886702709,3.944856643676758
Vertebral,12,5,0.9102564102564102,0.8980392156862745,0.9022641509433962,8.448717948717949,0.5408734815333507,0.9919312886702709,3.944856643676758
Vertebral,12,7,0.9230769230769231,0.9116981132075472,0.9116981132075472,8.448717948717949,0.5408734815333507,0.9919312886702709,3.944856643676758
Vertebral,13,1,0.782051282051282,0.7523809523809524,0.7550943396226415,8.320512820512821,0.5453759534281141,1.0162450503080318,3.9460010528564453
Vertebral,13,3,0.782051282051282,0.7523809523809524,0.7550943396226415,8.320512820512821,0.5453759534281141,1.0162450503080318,3.9460010528564453
Vertebral,13,5,0.7948717948717948,0.7645283018867925,0.7645283018867925,8.320512820512821,0.5453759534281141,1.0162450503080318,3.9460010528564453
Vertebral,13,7,0.8205128205128205,0.7893518518518519,0.7833962264150944,8.320512820512821,0.5453759534281141,1.0162450503080318,3.9460010528564453
Vertebral,14,1,0.8461538461538461,0.8269230769230769,0.8339622641509434,8.307692307692308,0.5679795484085866,1.0197230730301294,3.8981244564056396
Vertebral,14,3,0.8205128205128205,0.7939622641509434,0.7939622641509434,8.307692307692308,0.5679795484085866,1.0197230730301294,3.8981244564056396
Vertebral,14,5,0.8076923076923077,0.7815126050420168,0.7845283018867925,8.307692307692308,0.5679795484085866,1.0197230730301294,3.8981244564056396
Vertebral,14,7,0.8076923076923077,0.7856750320571533,0.7950943396226415,8.307692307692308,0.5679795484085866,1.0197230730301294,3.8981244564056396
Vertebral,15,1,0.8333333333333334,0.8065992752241083,0.8033962264150943,8.371794871794872,0.555223865447153,1.0156913353846624,3.885723829269409
Vertebral,15,3,0.8461538461538461,0.8233962264150944,0.8233962264150944,8.371794871794872,0.555223865447153,1.0156913353846624,3.885723829269409
Vertebral,15,5,0.8461538461538461,0.8233962264150944,0.8233962264150944,8.371794871794872,0.555223865447153,1.0156913353846624,3.885723829269409
Vertebral,15,7,0.8461538461538461,0.8233962264150944,0.8233962264150944,8.371794871794872,0.555223865447153,1.0156913353846624,3.885723829269409
Vertebral,16,1,0.7948717948717948,0.7692307692307692,0.7750943396226415,8.333333333333334,0.546477761304651,0.9660261135834914,3.743577241897583
Vertebral,16,3,0.8461538461538461,0.8194444444444444,0.8128301886792453,8.333333333333334,0.546477761304651,0.9660261135834914,3.743577241897583
Vertebral,16,5,0.8333333333333334,0.8065992752241083,0.8033962264150943,8.333333333333334,0.546477761304651,0.9660261135834914,3.743577241897583
Vertebral,16,7,0.8333333333333334,0.8065992752241083,0.8033962264150943,8.333333333333334,0.546477761304651,0.9660261135834914,3.743577241897583
Vertebral,17,1,0.8076923076923077,0.7716181924653523,0.7633962264150944,8.35897435897436,0.5720322469275874,1.0331725646287968,4.003612518310547
Vertebral,17,3,0.8076923076923077,0.7768453175662788,0.7739622641509434,8.35897435897436,0.5720322469275874,1.0331725646287968,4.003612518310547
Vertebral,17,5,0.8205128205128205,0.784189723320158,0.7728301886792452,8.35897435897436,0.5720322469275874,1.0331725646287968,4.003612518310547
Vertebral,17,7,0.782051282051282,0.7470913599084493,0.7445283018867925,8.35897435897436,0.5720322469275874,1.0331725646287968,4.003612518310547
Vertebral,18,1,0.8205128205128205,0.7939622641509434,0.7939622641509434,8.23076923076923,0.5602595246426446,1.0587127147576747,4.168992042541504
Vertebral,18,3,0.8461538461538461,0.8233962264150944,0.8233962264150944,8.23076923076923,0.5602595246426446,1.0587127147576747,4.168992042541504
Vertebral,18,5,0.8333333333333334,0.8106442577030812,0.8139622641509434,8.23076923076923,0.5602595246426446,1.0587127147576747,4.168992042541504
Vertebral,18,7,0.8461538461538461,0.8233962264150944,0.8233962264150944,8.23076923076923,0.5602595246426446,1.0587127147576747,4.168992042541504
Vertebral,19,1,0.8589743589743589,0.8363532328819379,0.8328301886792453,8.256410256410257,0.5634355050997287,1.0729016493528316,4.215599775314331
Vertebral,19,3,0.8333333333333334,0.8065992752241083,0.8033962264150943,8.256410256410257,0.5634355050997287,1.0729016493528316,4.215599775314331
Vertebral,19,5,0.8461538461538461,0.8194444444444444,0.8128301886792453,8.256410256410257,0.5634355050997287,1.0729016493528316,4.215599775314331
Vertebral,19,7,0.8461538461538461,0.8194444444444444,0.8128301886792453,8.256410256410257,0.5634355050997287,1.0729016493528316,4.215599775314331
Voice3,0,1,0.7833333333333333,0.5249169435215947,0.55006105006105,8.416666666666666,0.4799761717077239,1.3013450503349304,4.719957113265991
Voice3,0,3,0.8,0.5347923681257014,0.557997557997558,8.416666666666666,0.4799761717077239,1.3013450503349304,4.719957113265991
Voice3,0,5,0.8,0.5347923681257014,0.557997557997558,8.416666666666666,0.4799761717077239,1.3013450503349304,4.719957113265991
Voice3,0,7,0.7833333333333333,0.516706762897621,0.55006105006105,8.416666666666666,0.4799761717077239,1.3013450503349304,4.719957113265991
Voice3,1,1,0.7666666666666667,0.5079365079365079,0.5421245421245421,8.366666666666667,0.4648197249863193,1.2531753540039063,4.677157402038574
Voice3,1,3,0.8,0.534640522875817,0.5757020757020758,8.366666666666667,0.4648197249863193,1.2531753540039063,4.677157402038574
Voice3,1,5,0.8,0.534640522875817,0.5757020757020758,8.366666666666667,0.4648197249863193,1.2531753540039063,4.677157402038574
Voice3,1,7,0.8,0.534640522875817,0.5757020757020758,8.366666666666667,0.4648197249863193,1.2531753540039063,4.677157402038574
Voice3,2,1,0.8166666666666667,0.5474472066292435,0.5836385836385837,8.033333333333333,0.49771368169552027,1.2967883308728536,4.654356479644775
Voice3,2,3,0.7833333333333333,0.51010101010101,0.5323565323565324,8.033333333333333,0.49771368169552027,1.2967883308728536,4.654356479644775
Voice3,2,5,0.7833333333333333,0.51010101010101,0.5323565323565324,8.033333333333333,0.49771368169552027,1.2967883308728536,4.654356479644775
Voice3,2,7,0.7833333333333333,0.51010101010101,0.5323565323565324,8.033333333333333,0.49771368169552027,1.2967883308728536,4.654356479644775
Voice3,3,1,0.7166666666666667,0.45288045288045287,0.4474969474969475,8.683333333333334,0.47003900717317315,1.2396205226580301,4.523414611816406
Voice3,3,3,0.7,0.42684610075914425,0.42185592185592186,8.683333333333334,0.47003900717317315,1.2396205226580301,4.523414611816406
Voice3,3,5,0.7666666666666667,0.5048309178743962,0.48901098901098905,8.683333333333334,0.47003900717317315,1.2396205226580301,4.523414611816406
Voice3,3,7,0.7,0.4484848484848485,0.43956043956043955,8.683333333333334,0.47003900717317315,1.2396205226580301,4.523414611816406
Voice3,4,1,0.8,0.5229040622299049,0.5402930402930403,8.366666666666667,0.4908737139099345,1.2491109013557433,4.377681255340576
Voice3,4,3,0.8,0.5288888888888889,0.5402930402930403,8.366666666666667,0.4908737139099345,1.2491109013557433,4.377681255340576
Voice3,4,5,0.8,0.5288888888888889,0.5402930402930403,8.366666666666667,0.4908737139099345,1.2491109013557433,4.377681255340576
Voice3,4,7,0.8,0.5288888888888889,0.5402930402930403,8.366666666666667,0.4908737139099345,1.2491109013557433,4.377681255340576
Voice3,5,1,0.7666666666666667,0.512237998647735,0.5421245421245421,8.166666666666666,0.4810636185490321,1.3075503945350646,4.715634346008301
Voice3,5,3,0.8,0.5396952686447474,0.5757020757020758,8.166666666666666,0.4810636185490321,1.3075503945350646,4.715634346008301
Voice3,5,5,0.7833333333333333,0.5216201423097975,0.55006105006105,8.166666666666666,0.4810636185490321,1.3075503945350646,4.715634346008301
Voice3,5,7,0.8,0.5396952686447474,0.5757020757020758,8.166666666666666,0.4810636185490321,1.3075503945350646,4.715634346008301
Voice3,6,1,0.8,0.5288888888888889,0.5402930402930403,8.266666666666667,0.49326349966903765,1.337840994199117,4.730807542800903
Voice3,6,3,0.8666666666666667,0.597037037037037,0.6074481074481074,8.266666666666667,0.49326349966903765,1.337840994199117,4.730807542800903
Voice3,6,5,0.8666666666666667,0.597037037037037,0.6074481074481074,8.266666666666667,0.49326349966903765,1.337840994199117,4.730807542800903
Voice3,6,7,0.85,0.5816767502160761,0.5995115995115995,8.266666666666667,0.49326349966903765,1.337840994199117,4.730807542800903
Voice3,7,1,0.7833333333333333,0.51010101010101,0.5323565323565324,8.133333333333333,0.4816111450135251,1.251669716835022,4.395616769790649
Voice3,7,3,0.7666666666666667,0.5037037037037037,0.5067155067155067,8.133333333333333,0.4816111450135251,1.251669716835022,4.395616769790649
Voice3,7,5,0.7833333333333333,0.5022222222222222,0.5146520146520147,8.133333333333333,0.4816111450135251,1.251669716835022,4.395616769790649
Voice3,7,7,0.7833333333333333,0.5111111111111111,0.5146520146520147,8.133333333333333,0.4816111450135251,1.251669716835022,4.395616769790649
Voice3,8,1,0.7333333333333333,0.5518518518518518,0.5141636141636142,8.25,0.4949900313184582,1.2768744826316833,4.622307538986206
Voice3,8,3,0.7333333333333333,0.46074074074074073,0.47313797313797307,8.25,0.4949900313184582,1.2768744826316833,4.622307538986206
Voice3,8,5,0.7,0.4266666666666667,0.43956043956043955,8.25,0.4949900313184582,1.2768744826316833,4.622307538986206
Voice3,8,7,0.7333333333333333,0.46074074074074073,0.47313797313797307,8.25,0.4949900313184582,1.2768744826316833,4.622307538986206
Voice3,9,1,0.8166666666666667,0.5200945626477541,0.5128205128205128,8.383333333333333,0.47136581949093803,1.2767546415328979,4.565073013305664
Voice3,9,3,0.8,0.5130023640661938,0.5048840048840049,8.383333333333333,0.47136581949093803,1.2767546415328979,4.565073013305664
Voice3,9,5,0.7833333333333333,0.4907801418439717,0.47924297924297926,8.383333333333333,0.47136581949093803,1.2767546415328979,4.565073013305664
Voice3,9,7,0.7833333333333333,0.48771929824561405,0.47924297924297926,8.383333333333333,0.47136581949093803,1.2767546415328979,4.565073013305664
Voice3,10,1,0.6833333333333333,0.4132996632996633,0.43162393162393164,8.416666666666666,0.4775321446880962,1.2743289947509766,4.540513753890991
Voice3,10,3,0.7166666666666667,0.43772893772893773,0.4474969474969475,8.416666666666666,0.4775321446880962,1.2743289947509766,4.540513753890991
Voice3,10,5,0.7166666666666667,0.43772893772893773,0.4474969474969475,8.416666666666666,0.4775321446880962,1.2743289947509766,4.540513753890991
Voice3,10,7,0.7166666666666667,0.43772893772893773,0.4474969474969475,8.416666666666666,0.4775321446880962,1.2743289947509766,4.540513753890991
Voice3,11,1,0.7833333333333333,0.6190476190476191,0.6087912087912088,8.35,0.5007667439973671,1.2381009538968404,4.3025970458984375
Voice3,11,3,0.8166666666666667,0.5485450878709306,0.565934065934066,8.35,0.5007667439973671,1.2381009538968404,4.3025970458984375
Voice3,11,5,0.8166666666666667,0.5423681257014591,0.565934065934066,8.35,0.5007667439973671,1.2381009538968404,4.3025970458984375
Voice3,11,7,0.8,0.5292829775588396,0.557997557997558,8.35,0.5007667439973671,1.2381009538968404,4.3025970458984375
Voice3,12,1,0.8166666666666667,0.543040293040293,0.5482295482295482,8.4,0.5008429695903382,1.210047439734141,4.345898866653442
Voice3,12,3,0.7833333333333333,0.4988595633756924,0.49694749694749696,8.4,0.5008429695903382,1.210047439734141,4.345898866653442
Voice3,12,5,0.7833333333333333,0.4988595633756924,0.49694749694749696,8.4,0.5008429695903382,1.210047439734141,4.345898866653442
Voice3,12,7,0.8166666666666667,0.543040293040293,0.5482295482295482,8.4,0.5008429695903382,1.210047439734141,4.345898866653442
Voice3,13,1,0.7666666666666667,0.4948148148148148,0.5067155067155067,8.4,0.5284141300387234,1.3149971524874369,4.646991014480591
Voice3,13,3,0.7666666666666667,0.4855072463768116,0.48901098901098905,8.4,0.5284141300387234,1.3149971524874369,4.646991014480591
Voice3,13,5,0.8,0.5217391304347826,0.5225885225885226,8.4,0.5284141300387234,1.3149971524874369,4.646991014480591
Voice3,13,7,0.8,0.5217391304347826,0.5225885225885226,8.4,0.5284141300387234,1.3149971524874369,4.646991014480591
Voice3,14,1,0.7833333333333333,0.5079365079365079,0.5146520146520147,8.216666666666667,0.48610973260100054,1.2961297591527303,4.692084550857544
Voice3,14,3,0.7666666666666667,0.4948148148148148,0.5067155067155067,8.216666666666667,0.48610973260100054,1.2961297591527303,4.692084550857544
Voice3,14,5,0.7333333333333333,0.4782143811815023,0.5085470085470085,8.216666666666667,0.48610973260100054,1.2961297591527303,4.692084550857544
Voice3,14,7,0.7333333333333333,0.4782143811815023,0.5085470085470085,8.216666666666667,0.48610973260100054,1.2961297591527303,4.692084550857544
Voice3,15,1,0.75,0.4728327228327229,0.4810744810744811,8.3,0.5067419477077436,1.2461418549219767,4.336533308029175
Voice3,15,3,0.7666666666666667,0.4948148148148148,0.5067155067155067,8.3,0.5067419477077436,1.2461418549219767,4.336533308029175
Voice3,15,5,0.75,0.4728327228327229,0.4810744810744811,8.3,0.5067419477077436,1.2461418549219767,4.336533308029175
Voice3,15,7,0.7833333333333333,0.5079365079365079,0.5146520146520147,8.3,0.5067419477077436,1.2461418549219767,4.336533308029175
Voice3,16,1,0.85,0.5845648604269295,0.6172161172161172,8.15,0.5082342662384993,1.3330931663513184,4.821783781051636
Voice3,16,3,0.8166666666666667,0.5568627450980392,0.6013431013431013,8.15,0.5082342662384993,1.3330931663513184,4.821783781051636
Voice3,16,5,0.8166666666666667,0.5474472066292435,0.5836385836385837,8.15,0.5082342662384993,1.3330931663513184,4.821783781051636
Voice3,16,7,0.85,0.5845648604269295,0.6172161172161172,8.15,0.5082342662384993,1.3330931663513184,4.821783781051636
Voice3,17,1,0.7833333333333333,0.4982456140350877,0.47924297924297926,8.566666666666666,0.501211249693989,1.24884246190389,4.552604675292969
Voice3,17,3,0.7833333333333333,0.48771929824561405,0.47924297924297926,8.566666666666666,0.501211249693989,1.24884246190389,4.552604675292969
Voice3,17,5,0.8,0.5130023640661938,0.5048840048840049,8.566666666666666,0.501211249693989,1.24884246190389,4.552604675292969
Voice3,17,7,0.8,0.5130023640661938,0.5048840048840049,8.566666666666666,0.501211249693989,1.24884246190389,4.552604675292969
Voice3,18,1,0.7833333333333333,0.516706762897621,0.55006105006105,8.233333333333333,0.49337289695868997,1.2695369839668273,4.580803871154785
Voice3,18,3,0.7666666666666667,0.4978106185002737,0.5244200244200244,8.233333333333333,0.49337289695868997,1.2695369839668273,4.580803871154785
Voice3,18,5,0.7833333333333333,0.51010101010101,0.5323565323565324,8.233333333333333,0.49337289695868997,1.2695369839668273,4.580803871154785
Voice3,18,7,0.7833333333333333,0.51010101010101,0.5323565323565324,8.233333333333333,0.49337289695868997,1.2695369839668273,4.580803871154785
Voice3,19,1,0.75,0.4961782614328281,0.5341880341880342,8.15,0.4762508924831181,1.3489012161890666,4.770212650299072
Voice3,19,3,0.75,0.4966386554621849,0.5164835164835164,8.15,0.4762508924831181,1.3489012161890666,4.770212650299072
Voice3,19,5,0.7333333333333333,0.5,0.5085470085470085,8.15,0.4762508924831181,1.3489012161890666,4.770212650299072
Voice3,19,7,0.7333333333333333,0.5,0.5085470085470085,8.15,0.4762508924831181,1.3489012161890666,4.770212650299072
WDVG1,0,1,0.8528,0.8526194383442638,0.8524480606168879,8.3952,0.5366306302072066,1.1787799823760987,48.30645966529846
WDVG1,0,3,0.8544,0.8540095480190532,0.8539131045598176,8.3952,0.5366306302072066,1.1787799823760987,48.30645966529846
WDVG1,0,5,0.856,0.8555865911516115,0.8555507988894475,8.3952,0.5366306302072066,1.1787799823760987,48.30645966529846
WDVG1,0,7,0.8576,0.8573064249522573,0.8572645076933544,8.3952,0.5366306302072066,1.1787799823760987,48.30645966529846
WDVG1,1,1,0.8592,0.8589991254337511,0.8589106921188864,8.3,0.5368159007725712,1.185295379257202,48.72833514213562
WDVG1,1,3,0.8704,0.8702952225821354,0.8701357926772048,8.3,0.5368159007725712,1.185295379257202,48.72833514213562
WDVG1,1,5,0.8688,0.8687991666885947,0.8685371841310981,8.3,0.5368159007725712,1.185295379257202,48.72833514213562
WDVG1,1,7,0.8704,0.8703977980889074,0.8701436098339094,8.3,0.5368159007725712,1.185295379257202,48.72833514213562
WDVG1,2,1,0.8568,0.8565482509924286,0.8565853150951951,8.3232,0.5388908274551192,1.1692763334274292,47.92869687080383
WDVG1,2,3,0.8648,0.8645063876123998,0.8646262255389981,8.3232,0.5388908274551192,1.1692763334274292,47.92869687080383
WDVG1,2,5,0.8648,0.8645043882734885,0.8646491235056587,8.3232,0.5388908274551192,1.1692763334274292,47.92869687080383
WDVG1,2,7,0.868,0.8676763019815446,0.8678356650174232,8.3232,0.5388908274551192,1.1692763334274292,47.92869687080383
WDVG1,3,1,0.8512,0.8506766244855122,0.8510564701468036,8.3296,0.537909967733781,1.1946299375534057,49.058801889419556
WDVG1,3,3,0.8568,0.8564111266235761,0.8566277556098912,8.3296,0.537909967733781,1.1946299375534057,49.058801889419556
WDVG1,3,5,0.86,0.8595866819482731,0.859837195088316,8.3296,0.537909967733781,1.1946299375534057,49.058801889419556
WDVG1,3,7,0.8584,0.8579550231062378,0.8582000826539163,8.3296,0.537909967733781,1.1946299375534057,49.058801889419556
WDVG1,4,1,0.864,0.8634508437587772,0.8637261252746651,8.3664,0.5435613824492203,1.1751975522994995,48.229862213134766
WDVG1,4,3,0.8624,0.8616655205973413,0.8620281359594978,8.3664,0.5435613824492203,1.1751975522994995,48.229862213134766
WDVG1,4,5,0.8632,0.8623297328474352,0.8627456055815287,8.3664,0.5435613824492203,1.1751975522994995,48.229862213134766
WDVG1,4,7,0.8624,0.861599296708165,0.8619555335499091,8.3664,0.5435613824492203,1.1751975522994995,48.229862213134766
WDVG1,5,1,0.8536,0.8528102423171644,0.8533390028846276,8.3232,0.5418521836166349,1.1794182090759278,48.48330736160278
WDVG1,5,3,0.864,0.8632689522390038,0.8637685657893611,8.3232,0.5418521836166349,1.1794182090759278,48.48330736160278
WDVG1,5,5,0.868,0.8672700463967377,0.8677641687897987,8.3232,0.5418521836166349,1.1794182090759278,48.48330736160278
WDVG1,5,7,0.8656,0.8647531213351008,0.8653716078192611,8.3232,0.5418521836166349,1.1794182090759278,48.48330736160278
WDVG1,6,1,0.8632,0.8627700968754216,0.8629204192046168,8.3392,0.5380675209124076,1.1809057035446167,48.4862174987793
WDVG1,6,3,0.868,0.8676241360080162,0.8677630626078342,8.3392,0.5380675209124076,1.1809057035446167,48.4862174987793
WDVG1,6,5,0.872,0.8715796690342916,0.8717893805941466,8.3392,0.5380675209124076,1.1809057035446167,48.4862174987793
WDVG1,6,7,0.8704,0.869960940330239,0.8701751661264074,8.3392,0.5380675209124076,1.1809057035446167,48.4862174987793
WDVG1,7,1,0.852,0.8516028670306369,0.8518001931541201,8.3152,0.538111042632669,1.1806276695251465,48.50625920295715
WDVG1,7,3,0.8544,0.8538603551520211,0.8541704092489791,8.3152,0.538111042632669,1.1806276695251465,48.50625920295715
WDVG1,7,5,0.8552,0.8547305517616263,0.8549984601947057,8.3152,0.538111042632669,1.1806276695251465,48.50625920295715
WDVG1,7,7,0.8576,0.8571691099714186,0.8574407256081716,8.3152,0.538111042632669,1.1806276695251465,48.50625920295715
WDVG1,8,1,0.8704,0.8703289499291321,0.8704654591371961,8.332,0.537344211268518,1.184781273651123,48.72940230369568
WDVG1,8,3,0.8704,0.8703063426479064,0.8704235433217052,8.332,0.537344211268518,1.184781273651123,48.72940230369568
WDVG1,8,5,0.876,0.8759107000114194,0.8760353860928726,8.332,0.537344211268518,1.184781273651123,48.72940230369568
WDVG1,8,7,0.8776,0.8775018451212325,0.8776247624662908,8.332,0.537344211268518,1.184781273651123,48.72940230369568
WDVG1,9,1,0.8552,0.8547483810809676,0.8550040680557238,8.376,0.5379775875742989,1.190529273033142,48.93146848678589
WDVG1,9,3,0.8656,0.8653302974460294,0.8655673375225182,8.376,0.5379775875742989,1.190529273033142,48.93146848678589
WDVG1,9,5,0.8648,0.8644420677587022,0.8646554265540333,8.376,0.5379775875742989,1.190529273033142,48.93146848678589
WDVG1,9,7,0.8656,0.8653171779945086,0.8654508222487342,8.376,0.5379775875742989,1.190529273033142,48.93146848678589
WDVG1,10,1,0.8656,0.8650970419242738,0.8652789097706547,8.4,0.5373005162526489,1.2017139665603638,49.42360854148865
WDVG1,10,3,0.8664,0.8660366696024969,0.8661985525830233,8.4,0.5373005162526489,1.2017139665603638,49.42360854148865
WDVG1,10,5,0.8592,0.8588791555064597,0.8590393060374821,8.4,0.5373005162526489,1.2017139665603638,49.42360854148865
WDVG1,10,7,0.8592,0.858859329331959,0.8590164080708216,8.4,0.5373005162526489,1.2017139665603638,49.42360854148865
WDVG1,11,1,0.8576,0.8572889741473242,0.8573589865130079,8.3624,0.5364861102872228,1.1816218799591065,48.5659396648407
WDVG1,11,3,0.8624,0.8621247830717279,0.862159799276065,8.3624,0.5364861102872228,1.1816218799591065,48.5659396648407
WDVG1,11,5,0.8624,0.8621092507684646,0.8621583842600812,8.3624,0.5364861102872228,1.1816218799591065,48.5659396648407
WDVG1,11,7,0.8656,0.8654508726074219,0.8653961021518014,8.3624,0.5364861102872228,1.1816218799591065,48.5659396648407
WDVG1,12,1,0.8632,0.8628567118622873,0.8631270539955441,8.3576,0.5416962743853717,1.1930058219909667,48.93027997016907
WDVG1,12,3,0.8664,0.8659628003692781,0.8663253210361298,8.3576,0.5416962743853717,1.1930058219909667,48.93027997016907
WDVG1,12,5,0.8656,0.8652861372164167,0.8655123510378494,8.3576,0.5416962743853717,1.1930058219909667,48.93027997016907
WDVG1,12,7,0.8664,0.8660865186093045,0.8662756165932014,8.3576,0.5416962743853717,1.1930058219909667,48.93027997016907
WDVG1,13,1,0.856,0.8552678154890101,0.8556161661750523,8.3064,0.5423008268012774,1.182291116142273,48.56879258155823
WDVG1,13,3,0.868,0.8671048931412181,0.8675670500945157,8.3064,0.5423008268012774,1.182291116142273,48.56879258155823
WDVG1,13,5,0.8728,0.8718787965473226,0.8723756800142773,8.3064,0.5423008268012774,1.182291116142273,48.56879258155823
WDVG1,13,7,0.8752,0.8743363439473729,0.8747682692391012,8.3064,0.5423008268012774,1.182291116142273,48.56879258155823
WDVG1,14,1,0.8536,0.8533327845396963,0.8533223008178332,8.392,0.5384028236706732,1.1887547300338746,48.896525621414185
WDVG1,14,3,0.8584,0.8581941802156586,0.8582538481520997,8.392,0.5384028236706732,1.1887547300338746,48.896525621414185
WDVG1,14,5,0.8552,0.8550270102021896,0.8550843275779517,8.392,0.5384028236706732,1.1887547300338746,48.896525621414185
WDVG1,14,7,0.8616,0.8614353528352211,0.8614745167144268,8.392,0.5384028236706732,1.1887547300338746,48.896525621414185
WDVG1,15,1,0.856,0.85540096082779,0.8556014399834337,8.3376,0.5404880317222265,1.184998308944702,48.56551909446716
WDVG1,15,3,0.8656,0.8651574826128945,0.8651761454661729,8.3376,0.5404880317222265,1.184998308944702,48.56551909446716
WDVG1,15,5,0.8672,0.8667018376052513,0.8667752789864659,8.3376,0.5404880317222265,1.184998308944702,48.56551909446716
WDVG1,15,7,0.8704,0.869908789935665,0.8700037079219441,8.3376,0.5404880317222265,1.184998308944702,48.56551909446716
WDVG1,16,1,0.8544,0.8532446310328222,0.8540474112397808,8.3104,0.539693429817997,1.1900699333190918,48.684597969055176
WDVG1,16,3,0.8584,0.8576060082156521,0.8581473071277904,8.3104,0.539693429817997,1.1900699333190918,48.684597969055176
WDVG1,16,5,0.8584,0.8577100644050102,0.8581565393004787,8.3104,0.539693429817997,1.1900699333190918,48.684597969055176
WDVG1,16,7,0.8632,0.8625765353239956,0.8629744013929289,8.3104,0.539693429817997,1.1900699333190918,48.684597969055176
WDVG1,17,1,0.8512,0.8509897623629606,0.8512044772936239,8.3072,0.5395465207471624,1.1863278539657593,48.75146508216858
WDVG1,17,3,0.8544,0.8541078917613092,0.8542346415483716,8.3072,0.5395465207471624,1.1863278539657593,48.75146508216858
WDVG1,17,5,0.8536,0.8533050257674129,0.8533987735834309,8.3072,0.5395465207471624,1.1863278539657593,48.75146508216858
WDVG1,17,7,0.8552,0.8548326559774578,0.8549789176466701,8.3072,0.5395465207471624,1.1863278539657593,48.75146508216858
WDVG1,18,1,0.864,0.8632817802774709,0.863670331143239,8.332,0.5407911631911766,1.1698707698822022,48.00101923942566
WDVG1,18,3,0.8656,0.8649102662785975,0.8653904420878668,8.332,0.5407911631911766,1.1698707698822022,48.00101923942566
WDVG1,18,5,0.868,0.8673128366012898,0.8677830313126905,8.332,0.5407911631911766,1.1698707698822022,48.00101923942566
WDVG1,18,7,0.8696,0.8689901542292096,0.8694143235015995,8.332,0.5407911631911766,1.1698707698822022,48.00101923942566
WDVG1,19,1,0.8584,0.8582769875246039,0.8581152964241854,8.3896,0.5382326463872283,1.198754048728943,49.18328022956848
WDVG1,19,3,0.8616,0.8615593122240813,0.8613032813437101,8.3896,0.5382326463872283,1.198754048728943,49.18328022956848
WDVG1,19,5,0.8664,0.8663212931626036,0.8661694613923719,8.3896,0.5382326463872283,1.198754048728943,49.18328022956848
WDVG1,19,7,0.8696,0.8695038791160131,0.8693716656093224,8.3896,0.5382326463872283,1.198754048728943,49.18328022956848
Weaning,0,1,0.8157894736842105,0.8157894736842105,0.8157894736842105,8.328947368421053,0.4491171283390872,1.1354475303700096,4.295598030090332
Weaning,0,3,0.8157894736842105,0.8156618156618156,0.8157894736842105,8.328947368421053,0.4491171283390872,1.1354475303700096,4.295598030090332
Weaning,0,5,0.8157894736842105,0.8157894736842105,0.8157894736842105,8.328947368421053,0.4491171283390872,1.1354475303700096,4.295598030090332
Weaning,0,7,0.8157894736842105,0.8157894736842105,0.8157894736842105,8.328947368421053,0.4491171283390872,1.1354475303700096,4.295598030090332
Weaning,1,1,0.7894736842105263,0.7881533101045297,0.7894736842105263,8.381578947368421,0.43289145651267597,1.0929110269797475,4.116444826126099
Weaning,1,3,0.8026315789473685,0.801773604590506,0.8026315789473684,8.381578947368421,0.43289145651267597,1.0929110269797475,4.116444826126099
Weaning,1,5,0.8157894736842105,0.8146341463414635,0.8157894736842105,8.381578947368421,0.43289145651267597,1.0929110269797475,4.116444826126099
Weaning,1,7,0.7763157894736842,0.7753434185359067,0.7763157894736842,8.381578947368421,0.43289145651267597,1.0929110269797475,4.116444826126099
Weaning,2,1,0.8026315789473685,0.8025974025974026,0.8026315789473684,8.236842105263158,0.41236795293668566,1.074874040327574,4.109644412994385
Weaning,2,3,0.8289473684210527,0.8289177489177489,0.8289473684210527,8.236842105263158,0.41236795293668566,1.074874040327574,4.109644412994385
Weaning,2,5,0.8289473684210527,0.8289177489177489,0.8289473684210527,8.236842105263158,0.41236795293668566,1.074874040327574,4.109644412994385
Weaning,2,7,0.8289473684210527,0.8289177489177489,0.8289473684210527,8.236842105263158,0.41236795293668566,1.074874040327574,4.109644412994385
Weaning,3,1,0.7763157894736842,0.7744019556486816,0.7763157894736843,8.381578947368421,0.4094331735650712,1.1552668904003345,4.408590793609619
Weaning,3,3,0.7763157894736842,0.7753434185359067,0.7763157894736842,8.381578947368421,0.4094331735650712,1.1552668904003345,4.408590793609619
Weaning,3,5,0.7894736842105263,0.7881533101045297,0.7894736842105263,8.381578947368421,0.4094331735650712,1.1552668904003345,4.408590793609619
Weaning,3,7,0.7763157894736842,0.7744019556486816,0.7763157894736843,8.381578947368421,0.4094331735650712,1.1552668904003345,4.408590793609619
Weaning,4,1,0.7631578947368421,0.7616724738675958,0.763157894736842,8.302631578947368,0.43736137325329977,1.095712611549779,4.2687904834747314
Weaning,4,3,0.7763157894736842,0.7753434185359067,0.7763157894736842,8.302631578947368,0.43736137325329977,1.095712611549779,4.2687904834747314
Weaning,4,5,0.7894736842105263,0.788888888888889,0.7894736842105263,8.302631578947368,0.43736137325329977,1.095712611549779,4.2687904834747314
Weaning,4,7,0.8157894736842105,0.8146341463414635,0.8157894736842105,8.302631578947368,0.43736137325329977,1.095712611549779,4.2687904834747314
Weaning,5,1,0.868421052631579,0.8683298683298684,0.868421052631579,8.447368421052632,0.43142580755749127,1.1101387268618534,4.303149938583374
Weaning,5,3,0.868421052631579,0.8683298683298684,0.868421052631579,8.447368421052632,0.43142580755749127,1.1101387268618534,4.303149938583374
Weaning,5,5,0.881578947368421,0.8815584415584415,0.881578947368421,8.447368421052632,0.43142580755749127,1.1101387268618534,4.303149938583374
Weaning,5,7,0.881578947368421,0.8815584415584415,0.881578947368421,8.447368421052632,0.43142580755749127,1.1101387268618534,4.303149938583374
Weaning,6,1,0.8157894736842105,0.8156618156618156,0.8157894736842105,8.197368421052632,0.4449767866876286,1.0875988665379976,4.225326061248779
Weaning,6,3,0.8552631578947368,0.8550372810820184,0.8552631578947368,8.197368421052632,0.4449767866876286,1.0875988665379976,4.225326061248779
Weaning,6,5,0.868421052631579,0.8680555555555556,0.868421052631579,8.197368421052632,0.4449767866876286,1.0875988665379976,4.225326061248779
Weaning,6,7,0.868421052631579,0.8680555555555556,0.868421052631579,8.197368421052632,0.4449767866876286,1.0875988665379976,4.225326061248779
Weaning,7,1,0.7368421052631579,0.7368421052631579,0.7368421052631579,8.368421052631579,0.4049799017039496,1.1452066710120754,4.3564772605896
Weaning,7,3,0.7368421052631579,0.7366597366597367,0.736842105263158,8.368421052631579,0.4049799017039496,1.1452066710120754,4.3564772605896
Weaning,7,5,0.7368421052631579,0.7361111111111112,0.736842105263158,8.368421052631579,0.4049799017039496,1.1452066710120754,4.3564772605896
Weaning,7,7,0.7368421052631579,0.7361111111111112,0.736842105263158,8.368421052631579,0.4049799017039496,1.1452066710120754,4.3564772605896
Weaning,8,1,0.7763157894736842,0.7759667071267556,0.7763157894736842,8.381578947368421,0.42359534494574264,1.027111712254976,3.9055585861206055
Weaning,8,3,0.8026315789473685,0.801773604590506,0.8026315789473684,8.381578947368421,0.42359534494574264,1.027111712254976,3.9055585861206055
Weaning,8,5,0.7894736842105263,0.7893277893277892,0.7894736842105263,8.381578947368421,0.42359534494574264,1.027111712254976,3.9055585861206055
Weaning,8,7,0.7763157894736842,0.7759667071267556,0.7763157894736842,8.381578947368421,0.42359534494574264,1.027111712254976,3.9055585861206055
Weaning,9,1,0.7894736842105263,0.7881533101045297,0.7894736842105263,8.263157894736842,0.4301966329722956,1.0747582598736412,4.196513652801514
Weaning,9,3,0.7763157894736842,0.7753434185359067,0.7763157894736842,8.263157894736842,0.4301966329722956,1.0747582598736412,4.196513652801514
Weaning,9,5,0.7894736842105263,0.7871148459383753,0.7894736842105263,8.263157894736842,0.4301966329722956,1.0747582598736412,4.196513652801514
Weaning,9,7,0.7763157894736842,0.7744019556486816,0.7763157894736843,8.263157894736842,0.4301966329722956,1.0747582598736412,4.196513652801514
Weaning,10,1,0.75,0.7496098491416681,0.75,8.210526315789474,0.4256652034684694,1.0508026417933012,4.0248801708221436
Weaning,10,3,0.7368421052631579,0.7368421052631579,0.7368421052631579,8.210526315789474,0.4256652034684694,1.0508026417933012,4.0248801708221436
Weaning,10,5,0.7763157894736842,0.7762770562770562,0.7763157894736843,8.210526315789474,0.4256652034684694,1.0508026417933012,4.0248801708221436
Weaning,10,7,0.7894736842105263,0.7894736842105263,0.7894736842105263,8.210526315789474,0.4256652034684694,1.0508026417933012,4.0248801708221436
Weaning,11,1,0.8552631578947368,0.8550372810820184,0.8552631578947368,8.276315789473685,0.43370202905823724,1.0538562097047504,4.004602909088135
Weaning,11,3,0.8157894736842105,0.8152777777777778,0.8157894736842106,8.276315789473685,0.43370202905823724,1.0538562097047504,4.004602909088135
Weaning,11,5,0.8421052631578947,0.8416666666666667,0.8421052631578947,8.276315789473685,0.43370202905823724,1.0538562097047504,4.004602909088135
Weaning,11,7,0.8552631578947368,0.8546339766997044,0.8552631578947368,8.276315789473685,0.43370202905823724,1.0538562097047504,4.004602909088135
Weaning,12,1,0.8289473684210527,0.8286804230969308,0.8289473684210527,8.789473684210526,0.428870243659611,1.0371559262275696,3.9907824993133545
Weaning,12,3,0.8157894736842105,0.8156618156618156,0.8157894736842105,8.789473684210526,0.428870243659611,1.0371559262275696,3.9907824993133545
Weaning,12,5,0.8421052631578947,0.8421052631578947,0.8421052631578947,8.789473684210526,0.428870243659611,1.0371559262275696,3.9907824993133545
Weaning,12,7,0.8289473684210527,0.8289177489177489,0.8289473684210527,8.789473684210526,0.428870243659611,1.0371559262275696,3.9907824993133545
Weaning,13,1,0.7763157894736842,0.7762770562770562,0.7763157894736843,8.171052631578947,0.41898078306803144,1.0547110030525608,4.001046657562256
Weaning,13,3,0.8026315789473685,0.801773604590506,0.8026315789473684,8.171052631578947,0.41898078306803144,1.0547110030525608,4.001046657562256
Weaning,13,5,0.7894736842105263,0.7893277893277892,0.7894736842105263,8.171052631578947,0.41898078306803144,1.0547110030525608,4.001046657562256
Weaning,13,7,0.8026315789473685,0.8023235651118432,0.8026315789473684,8.171052631578947,0.41898078306803144,1.0547110030525608,4.001046657562256
Weaning,14,1,0.8157894736842105,0.8156618156618156,0.8157894736842105,8.223684210526315,0.4348747806487248,1.003401386110406,3.9626386165618896
Weaning,14,3,0.8026315789473685,0.8023235651118432,0.8026315789473684,8.223684210526315,0.4348747806487248,1.003401386110406,3.9626386165618896
Weaning,14,5,0.8157894736842105,0.8152777777777778,0.8157894736842106,8.223684210526315,0.4348747806487248,1.003401386110406,3.9626386165618896
Weaning,14,7,0.8026315789473685,0.8023235651118432,0.8026315789473684,8.223684210526315,0.4348747806487248,1.003401386110406,3.9626386165618896
Weaning,15,1,0.8421052631578947,0.841995841995842,0.8421052631578947,8.447368421052632,0.4458331737890336,1.1003989294955605,4.2476818561553955
Weaning,15,3,0.8552631578947368,0.8552380952380952,0.8552631578947368,8.447368421052632,0.4458331737890336,1.1003989294955605,4.2476818561553955
Weaning,15,5,0.8421052631578947,0.8421052631578947,0.8421052631578947,8.447368421052632,0.4458331737890336,1.1003989294955605,4.2476818561553955
Weaning,15,7,0.8552631578947368,0.8552380952380952,0.8552631578947368,8.447368421052632,0.4458331737890336,1.1003989294955605,4.2476818561553955
Weaning,16,1,0.868421052631579,0.8680555555555556,0.868421052631579,8.539473684210526,0.451189452207581,1.0130489562687122,3.9540188312530518
Weaning,16,3,0.868421052631579,0.8683298683298684,0.868421052631579,8.539473684210526,0.451189452207581,1.0130489562687122,3.9540188312530518
Weaning,16,5,0.881578947368421,0.8815584415584415,0.881578947368421,8.539473684210526,0.451189452207581,1.0130489562687122,3.9540188312530518
Weaning,16,7,0.868421052631579,0.8680555555555556,0.868421052631579,8.539473684210526,0.451189452207581,1.0130489562687122,3.9540188312530518
Weaning,17,1,0.8552631578947368,0.8550372810820184,0.8552631578947368,8.381578947368421,0.4176403444311525,1.0368028973278247,3.9832146167755127
Weaning,17,3,0.8289473684210527,0.8282037906451052,0.8289473684210527,8.381578947368421,0.4176403444311525,1.0368028973278247,3.9832146167755127
Weaning,17,5,0.8289473684210527,0.8282037906451052,0.8289473684210527,8.381578947368421,0.4176403444311525,1.0368028973278247,3.9832146167755127
Weaning,17,7,0.8289473684210527,0.8286804230969308,0.8289473684210527,8.381578947368421,0.4176403444311525,1.0368028973278247,3.9832146167755127
Weaning,18,1,0.8157894736842105,0.8137254901960784,0.8157894736842105,8.710526315789474,0.43498197686541434,1.0989032356362594,4.240432024002075
Weaning,18,3,0.881578947368421,0.8810641627543035,0.881578947368421,8.710526315789474,0.43498197686541434,1.0989032356362594,4.240432024002075
Weaning,18,5,0.881578947368421,0.8810641627543035,0.881578947368421,8.710526315789474,0.43498197686541434,1.0989032356362594,4.240432024002075
Weaning,18,7,0.8947368421052632,0.8944444444444444,0.894736842105263,8.710526315789474,0.43498197686541434,1.0989032356362594,4.240432024002075
Weaning,19,1,0.8026315789473685,0.8023235651118432,0.8026315789473684,8.263157894736842,0.43284554129435493,1.0536910985645496,4.144488573074341
Weaning,19,3,0.8026315789473685,0.8023235651118432,0.8026315789473684,8.263157894736842,0.43284554129435493,1.0536910985645496,4.144488573074341
Weaning,19,5,0.8026315789473685,0.8023235651118432,0.8026315789473684,8.263157894736842,0.43284554129435493,1.0536910985645496,4.144488573074341
Weaning,19,7,0.8157894736842105,0.8152777777777778,0.8157894736842106,8.263157894736842,0.43284554129435493,1.0536910985645496,4.144488573074341
Wine,0,1,0.9777777777777777,0.9771428571428572,0.9814814814814815,8.28888888888889,0.4735972186494681,1.2488476117451985,3.6361827850341797
Wine,0,3,1.0,1.0,1.0,8.28888888888889,0.4735972186494681,1.2488476117451985,3.6361827850341797
Wine,0,5,1.0,1.0,1.0,8.28888888888889,0.4735972186494681,1.2488476117451985,3.6361827850341797
Wine,0,7,1.0,1.0,1.0,8.28888888888889,0.4735972186494681,1.2488476117451985,3.6361827850341797
Wine,1,1,1.0,1.0,1.0,8.555555555555555,0.49875201688169163,1.2585170057084825,3.616954803466797
Wine,1,3,1.0,1.0,1.0,8.555555555555555,0.49875201688169163,1.2585170057084825,3.616954803466797
Wine,1,5,1.0,1.0,1.0,8.555555555555555,0.49875201688169163,1.2585170057084825,3.616954803466797
Wine,1,7,0.9777777777777777,0.9794967381174278,0.9777777777777779,8.555555555555555,0.49875201688169163,1.2585170057084825,3.616954803466797
Wine,2,1,0.9777777777777777,0.9771428571428572,0.9814814814814815,8.6,0.510680908562282,1.2351815170711942,3.6606807708740234
Wine,2,3,0.9777777777777777,0.9771428571428572,0.9814814814814815,8.6,0.510680908562282,1.2351815170711942,3.6606807708740234
Wine,2,5,0.9777777777777777,0.9771428571428572,0.9814814814814815,8.6,0.510680908562282,1.2351815170711942,3.6606807708740234
Wine,2,7,0.9777777777777777,0.9771428571428572,0.9814814814814815,8.6,0.510680908562282,1.2351815170711942,3.6606807708740234
Wine,3,1,0.9777777777777777,0.9771428571428572,0.9814814814814815,8.311111111111112,0.48043661180500863,1.250481743282742,3.69207501411438
Wine,3,3,0.9555555555555556,0.9563061353573689,0.9629629629629629,8.311111111111112,0.48043661180500863,1.250481743282742,3.69207501411438
Wine,3,5,0.9555555555555556,0.9563061353573689,0.9629629629629629,8.311111111111112,0.48043661180500863,1.250481743282742,3.69207501411438
Wine,3,7,0.9555555555555556,0.9563061353573689,0.9629629629629629,8.311111111111112,0.48043661180500863,1.250481743282742,3.69207501411438
Wine,4,1,1.0,1.0,1.0,8.244444444444444,0.4829469451714288,1.3286413086785211,4.04638147354126
Wine,4,3,1.0,1.0,1.0,8.244444444444444,0.4829469451714288,1.3286413086785211,4.04638147354126
Wine,4,5,1.0,1.0,1.0,8.244444444444444,0.4829469451714288,1.3286413086785211,4.04638147354126
Wine,4,7,1.0,1.0,1.0,8.244444444444444,0.4829469451714288,1.3286413086785211,4.04638147354126
Wine,5,1,0.9777777777777777,0.9771428571428572,0.9814814814814815,8.266666666666667,0.4629076410084595,1.2699696116977268,3.8064117431640625
Wine,5,3,0.9777777777777777,0.9771428571428572,0.9814814814814815,8.266666666666667,0.4629076410084595,1.2699696116977268,3.8064117431640625
Wine,5,5,0.9777777777777777,0.9771428571428572,0.9814814814814815,8.266666666666667,0.4629076410084595,1.2699696116977268,3.8064117431640625
Wine,5,7,0.9777777777777777,0.9771428571428572,0.9814814814814815,8.266666666666667,0.4629076410084595,1.2699696116977268,3.8064117431640625
Wine,6,1,0.9333333333333333,0.9314285714285714,0.9351851851851851,8.8,0.47441105284761736,1.2953417619069418,3.689920663833618
Wine,6,3,0.9555555555555556,0.9563061353573689,0.9629629629629629,8.8,0.47441105284761736,1.2953417619069418,3.689920663833618
Wine,6,5,0.9777777777777777,0.9771428571428572,0.9814814814814815,8.8,0.47441105284761736,1.2953417619069418,3.689920663833618
Wine,6,7,0.9777777777777777,0.9771428571428572,0.9814814814814815,8.8,0.47441105284761736,1.2953417619069418,3.689920663833618
Wine,7,1,0.9777777777777777,0.9794967381174278,0.9777777777777779,8.555555555555555,0.48278846101210793,1.4422502358754477,4.428826570510864
Wine,7,3,0.9777777777777777,0.9794967381174278,0.9777777777777779,8.555555555555555,0.48278846101210793,1.4422502358754477,4.428826570510864
Wine,7,5,0.9777777777777777,0.9794967381174278,0.9777777777777779,8.555555555555555,0.48278846101210793,1.4422502358754477,4.428826570510864
Wine,7,7,0.9777777777777777,0.9794967381174278,0.9777777777777779,8.555555555555555,0.48278846101210793,1.4422502358754477,4.428826570510864
Wine,8,1,0.9333333333333333,0.9333032558839012,0.9444444444444445,8.377777777777778,0.5038878922151598,1.362798351711697,3.8387467861175537
Wine,8,3,1.0,1.0,1.0,8.377777777777778,0.5038878922151598,1.362798351711697,3.8387467861175537
Wine,8,5,0.9777777777777777,0.9771428571428572,0.9814814814814815,8.377777777777778,0.5038878922151598,1.362798351711697,3.8387467861175537
Wine,8,7,0.9777777777777777,0.9771428571428572,0.9814814814814815,8.377777777777778,0.5038878922151598,1.362798351711697,3.8387467861175537
Wine,9,1,0.9333333333333333,0.9314285714285714,0.9351851851851851,8.355555555555556,0.497294902194664,1.303452401691013,3.7708230018615723
Wine,9,3,0.9777777777777777,0.9764982373678026,0.9722222222222222,8.355555555555556,0.497294902194664,1.303452401691013,3.7708230018615723
Wine,9,5,0.9555555555555556,0.9537037037037037,0.9537037037037037,8.355555555555556,0.497294902194664,1.303452401691013,3.7708230018615723
Wine,9,7,0.9555555555555556,0.9537037037037037,0.9537037037037037,8.355555555555556,0.497294902194664,1.303452401691013,3.7708230018615723
Wine,10,1,1.0,1.0,1.0,8.577777777777778,0.4923621278547096,1.3193031522962781,3.840500831604004
Wine,10,3,1.0,1.0,1.0,8.577777777777778,0.4923621278547096,1.3193031522962781,3.840500831604004
Wine,10,5,1.0,1.0,1.0,8.577777777777778,0.4923621278547096,1.3193031522962781,3.840500831604004
Wine,10,7,1.0,1.0,1.0,8.577777777777778,0.4923621278547096,1.3193031522962781,3.840500831604004
Wine,11,1,0.9333333333333333,0.9328981054787505,0.9351851851851851,8.311111111111112,0.4850080915689139,1.40958800845676,4.102792501449585
Wine,11,3,0.9555555555555556,0.9563061353573689,0.9629629629629629,8.311111111111112,0.4850080915689139,1.40958800845676,4.102792501449585
Wine,11,5,0.9555555555555556,0.9563061353573689,0.9629629629629629,8.311111111111112,0.4850080915689139,1.40958800845676,4.102792501449585
Wine,11,7,0.9777777777777777,0.9797235023041475,0.9814814814814815,8.311111111111112,0.4850080915689139,1.40958800845676,4.102792501449585
Wine,12,1,0.9555555555555556,0.9586466165413534,0.9555555555555556,8.488888888888889,0.4916831017644914,1.272266271379259,3.998401641845703
Wine,12,3,0.9777777777777777,0.9797235023041475,0.9814814814814815,8.488888888888889,0.4916831017644914,1.272266271379259,3.998401641845703
Wine,12,5,1.0,1.0,1.0,8.488888888888889,0.4916831017644914,1.272266271379259,3.998401641845703
Wine,12,7,1.0,1.0,1.0,8.488888888888889,0.4916831017644914,1.272266271379259,3.998401641845703
Wine,13,1,0.9777777777777777,0.9771428571428572,0.9814814814814815,8.488888888888889,0.4984502927855573,1.2266041861640082,3.570934534072876
Wine,13,3,1.0,1.0,1.0,8.488888888888889,0.4984502927855573,1.2266041861640082,3.570934534072876
Wine,13,5,1.0,1.0,1.0,8.488888888888889,0.4984502927855573,1.2266041861640082,3.570934534072876
Wine,13,7,1.0,1.0,1.0,8.488888888888889,0.4984502927855573,1.2266041861640082,3.570934534072876
Wine,14,1,0.9555555555555556,0.9586466165413534,0.9555555555555556,8.177777777777777,0.4943709426649537,1.3390060106913249,3.892188549041748
Wine,14,3,0.9555555555555556,0.9566538952745849,0.9592592592592593,8.177777777777777,0.4943709426649537,1.3390060106913249,3.892188549041748
Wine,14,5,0.9333333333333333,0.9342932929139826,0.9407407407407407,8.177777777777777,0.4943709426649537,1.3390060106913249,3.892188549041748
Wine,14,7,0.9333333333333333,0.9342932929139826,0.9407407407407407,8.177777777777777,0.4943709426649537,1.3390060106913249,3.892188549041748
Wine,15,1,1.0,1.0,1.0,8.28888888888889,0.49385484798698104,1.2366623454623753,3.700798273086548
Wine,15,3,0.9555555555555556,0.9566538952745849,0.9592592592592593,8.28888888888889,0.49385484798698104,1.2366623454623753,3.700798273086548
Wine,15,5,0.9555555555555556,0.9566538952745849,0.9592592592592593,8.28888888888889,0.49385484798698104,1.2366623454623753,3.700798273086548
Wine,15,7,0.9777777777777777,0.9794967381174278,0.9777777777777779,8.28888888888889,0.49385484798698104,1.2366623454623753,3.700798273086548
Wine,16,1,0.9555555555555556,0.9563061353573689,0.9629629629629629,8.355555555555556,0.4916629397816987,1.2317176500956217,3.692150115966797
Wine,16,3,0.9777777777777777,0.9771428571428572,0.9814814814814815,8.355555555555556,0.4916629397816987,1.2317176500956217,3.692150115966797
Wine,16,5,0.9777777777777777,0.9771428571428572,0.9814814814814815,8.355555555555556,0.4916629397816987,1.2317176500956217,3.692150115966797
Wine,16,7,0.9777777777777777,0.9771428571428572,0.9814814814814815,8.355555555555556,0.4916629397816987,1.2317176500956217,3.692150115966797
Wine,17,1,0.9555555555555556,0.9551501035196687,0.9537037037037037,8.488888888888889,0.4816640573150644,1.2518949349721273,3.804807186126709
Wine,17,3,1.0,1.0,1.0,8.488888888888889,0.4816640573150644,1.2518949349721273,3.804807186126709
Wine,17,5,1.0,1.0,1.0,8.488888888888889,0.4816640573150644,1.2518949349721273,3.804807186126709
Wine,17,7,1.0,1.0,1.0,8.488888888888889,0.4816640573150644,1.2518949349721273,3.804807186126709
Wine,18,1,0.9777777777777777,0.9771428571428572,0.9814814814814815,8.6,0.4799601895641748,1.287683253818088,3.7835006713867188
Wine,18,3,1.0,1.0,1.0,8.6,0.4799601895641748,1.287683253818088,3.7835006713867188
Wine,18,5,1.0,1.0,1.0,8.6,0.4799601895641748,1.287683253818088,3.7835006713867188
Wine,18,7,1.0,1.0,1.0,8.6,0.4799601895641748,1.287683253818088,3.7835006713867188
Wine,19,1,0.9777777777777777,0.9771428571428572,0.9814814814814815,8.4,0.4939088713842094,1.2165228366851806,3.6023001670837402
Wine,19,3,0.9777777777777777,0.9764982373678026,0.9722222222222222,8.4,0.4939088713842094,1.2165228366851806,3.6023001670837402
Wine,19,5,0.9777777777777777,0.9764982373678026,0.9722222222222222,8.4,0.4939088713842094,1.2165228366851806,3.6023001670837402
Wine,19,7,0.9555555555555556,0.95623603968625,0.9537037037037037,8.4,0.4939088713842094,1.2165228366851806,3.6023001670837402
